{
  "format_version": "1.8.0",
	"geometry.wolf": {
    "visible_bounds_width": 1.5,
    "visible_bounds_height": 1,
    "visible_bounds_offset": [ 0, 0.5, 0 ],
    "texturewidth": 64,
    "textureheight": 32,
    "bones": [
      {
        "name": "head",
        "pivot": [ -1.0, 10.5, -7.0 ],
        "locators": {
          "lead": [ -1.0, 10.5, -7.0 ]
        },
        "cubes": [
          {
            "origin": [ -4.0, 7.5, -9.0 ],
            "size": [ 6, 6, 4 ],
            "uv": [ 0, 0 ]
          },
          {
            "origin": [ -4.0, 13.5, -7.0 ],
            "size": [ 2, 2, 1 ],
            "uv": [ 16, 14 ]
          },
          {
            "origin": [ 0.0, 13.5, -7.0 ],
            "size": [ 2, 2, 1 ],
            "uv": [ 16, 14 ]
          },
          {
            "origin": [ -2.5, 7.515625, -12.0 ],
            "size": [ 3, 3, 4 ],
            "uv": [ 0, 10 ]
          }
        ]
      },
      {
        "name": "body",
        "pivot": [ 0.0, 10.0, 2.0 ],
        "cubes": [
          {
            "origin": [ -4.0, 3.0, -1.0 ],
            "size": [ 6, 15, 6 ],
            "uv": [ 23, 0 ],
            "inflate": -0.1
          }
        ]
      },
      {
        "name": "leg0",
        "pivot": [ -2.5, 8.0, 7.0 ],
        "cubes": [
          {
            "origin": [ -3.5, 0.0, 6.0 ],
            "size": [ 2, 8, 2 ],
            "uv": [ 0, 18 ]
          }
        ]
      },
      {
        "name": "leg1",
        "pivot": [ 0.5, 8.0, 7.0 ],
        "cubes": [
          {
            "origin": [ -0.5, 0.0, 6.0 ],
            "size": [ 2, 8, 2 ],
            "uv": [ 0, 18 ]
          }
        ]
      },
      {
        "name": "leg2",
        "pivot": [ -2.5, 8.0, -4.0 ],
        "cubes": [
          {
            "origin": [ -3.5, 0.0, -5.0 ],
            "size": [ 2, 8, 2 ],
            "uv": [ 0, 18 ]
          }
        ]
      },
      {
        "name": "leg3",
        "pivot": [ 0.5, 8.0, -4.0 ],
        "cubes": [
          {
            "origin": [ -0.5, 0.0, -5.0 ],
            "size": [ 2, 8, 2 ],
            "uv": [ 0, 18 ]
          }
        ]
      },
      {
        "name": "tail",
        "pivot": [ -1.0, 12.0, 8.0 ],
        "cubes": [
          {
            "origin": [ -2.0, 4.0, 7.0 ],
            "size": [ 2, 8, 2 ],
            "uv": [ 9, 18 ]
          }
        ]
      }
    ]
  }
}