{
	"format_version": "1.10.0",
	"geometry.cmm.axolotl": {
		"texturewidth": 64,
		"textureheight": 64,
		"visible_bounds_width": 4,
		"visible_bounds_height": 3,
		"visible_bounds_offset": [0, 1.5, 0],
		"bones": [
			{
				"name": "World",
				"pivot": [0, 0, 0]
			},
			{
				"name": "Root",
				"parent": "World",
				"pivot": [0, 19.5, 0]
			},
			{
				"name": "Waist",
				"parent": "Root",
				"pivot": [0, 9, 0]
			},
			{
				"name": "Torso",
				"parent": "Waist",
				"pivot": [0, 9, 0]
			},
			{
				"name": "Body",
				"parent": "Torso",
				"pivot": [0, 19.5, 0],
				"cubes": [
					{"origin": [-3, 9, -1.5], "size": [6, 10, 3], "uv": [39, 17]}
				]
			},
			{
				"name": "Head",
				"parent": "Body",
				"pivot": [0, 19.5, 0],
				"cubes": [
					{"origin": [-3.5, 19.5, -3], "size": [7, 7, 6], "uv": [0, 0]}
				]
			},
			{
				"name": "Hair",
				"parent": "Head",
				"pivot": [0, 19.5, 0],
				"cubes": [
					{"origin": [-4, 19.5, -3.5], "size": [8, 6, 7], "uv": [0, 14], "inflate": -0.1}
				]
			},
			{
				"name": "Hat",
				"parent": "Head",
				"pivot": [0, 24.75, 0],
				"rotation": [-7.5, 0, 0],
				"cubes": [
					{"origin": [-4, 24.5, -3.5], "size": [8, 3, 7], "uv": [33, 1]}
				]
			},
			{
				"name": "RightGills",
				"parent": "Hat",
				"pivot": [-4, 26.75, 0],
				"rotation": [0, 10, 0],
				"cubes": [
					{"origin": [-7, 24.5, 0], "size": [3, 4, 0], "uv": [58, 2], "mirror": true}
				]
			},
			{
				"name": "LeftGills",
				"parent": "Hat",
				"pivot": [4, 26.75, 0],
				"rotation": [0, -10, 0],
				"cubes": [
					{"origin": [4, 24.5, 0], "size": [3, 4, 0], "uv": [58, 2]}
				]
			},
			{
				"name": "TopGills",
				"parent": "Hat",
				"pivot": [0, 27.5, 0],
				"rotation": [-10, 0, 0],
				"cubes": [
					{"origin": [-4, 27.5, 0], "size": [8, 3, 0], "uv": [22, 1]}
				]
			},
			{
				"name": "RightBraid",
				"parent": "Head",
				"pivot": [-3, 20.25, 3.25],
				"rotation": [12.5, 0, 12.5],
				"cubes": [
					{"origin": [-3.99848, 14.23264, 2.44924], "size": [2, 6, 1], "uv": [33, 12]}
				]
			},
			{
				"name": "LeftBraid",
				"parent": "Head",
				"pivot": [3, 20.25, 3.25],
				"rotation": [12.5, 0, -12.5],
				"cubes": [
					{"origin": [1.99848, 14.23264, 2.44924], "size": [2, 6, 1], "uv": [57, 12]}
				]
			},
			{
				"name": "Neck",
				"parent": "Body",
				"pivot": [0, 19.5, 0],
				"cubes": [
					{"origin": [-1.5, 18.5, -1.5], "size": [3, 2, 3], "uv": [7, 28], "inflate": -0.3}
				]
			},
			{
				"name": "RightArm",
				"parent": "Body",
				"pivot": [-3, 18, 0],
				"rotation": [0, 0, 2.5],
				"cubes": [
					{"origin": [-5, 9, -1], "size": [2, 10, 2], "uv": [2, 34]}
				]
			},
			{
				"name": "rightItem",
				"parent": "RightArm",
				"pivot": [-4, 13, 1]
			},
			{
				"name": "LeftArm",
				"parent": "Body",
				"pivot": [3, 18, 0],
				"rotation": [0, 0, -2.5],
				"cubes": [
					{"origin": [3, 9, -1], "size": [2, 10, 2], "uv": [14, 34]}
				]
			},
			{
				"name": "leftItem",
				"parent": "LeftArm",
				"pivot": [4, 13, 1]
			},
			{
				"name": "Bust",
				"parent": "Body",
				"pivot": [0, 15.5, -0.15],
				"rotation": [-20, 0, 0],
				"cubes": [
					{"origin": [-3, 15, -2.15], "size": [6, 2, 2], "uv": [40, 12], "inflate": -0.1}
				]
			},
			{
				"name": "Skirt",
				"parent": "Body",
				"pivot": [0, 12, 0],
				"cubes": [
					{"origin": [-3.5, 5, -2], "size": [7, 7, 4], "uv": [37, 33]}
				]
			},
			{
				"name": "Tail1",
				"parent": "Body",
				"pivot": [0, 13.25, 1.5],
				"rotation": [-12.5, 0, 0],
				"cubes": [
					{"origin": [0, 8.75, 1.5], "size": [0, 5, 5], "uv": [42, 41]}
				]
			},
			{
				"name": "Tail2",
				"parent": "Tail1",
				"pivot": [0, 11.25, 6.5],
				"cubes": [
					{"origin": [0, 8.75, 6.5], "size": [0, 5, 9], "uv": [38, 42]}
				]
			},
			{
				"name": "RightLeg",
				"parent": "Waist",
				"pivot": [-1.75, 9, 0],
				"cubes": [
					{"origin": [-3.25, 0, -1.5], "size": [3, 9, 3], "uv": [0, 49]}
				]
			},
			{
				"name": "LeftLeg",
				"parent": "Waist",
				"pivot": [1.75, 9, 0],
				"cubes": [
					{"origin": [0.25, 0, -1.5], "size": [3, 9, 3], "uv": [12, 49]}
				]
			}
		]
	}
}