{
	"format_version": "1.10.0",
	"geometry.cmm.cat.v1.8": {
		"texturewidth": 64,
		"textureheight": 64,
		"visible_bounds_width": 3,
		"visible_bounds_height": 3,
		"visible_bounds_offset": [0, 1.5, 0],
		"bones": [
			{
				"name": "root",
				"pivot": [0, 15, 0]
			},
			{
				"name": "waist",
				"parent": "root",
				"pivot": [0, 7, 0]
			},
			{
				"name": "Body",
				"parent": "waist",
				"pivot": [0, 15, 0],
				"cubes": [
					{"origin": [-3, 6, -1.5], "size": [6, 9, 3], "uv": [0, 36]}
				]
			},
			{
				"name": "Head",
				"parent": "Body",
				"pivot": [0, 15, 0],
				"cubes": [
					{"origin": [-3.5, 15, -3], "size": [7, 7, 6], "uv": [0, 0]}
				]
			},
			{
				"name": "Hair",
				"parent": "Head",
				"pivot": [0, 15, 0],
				"cubes": [
					{"origin": [-4, 13, -3.5], "size": [8, 9, 7], "uv": [0, 13]}
				]
			},
			{
				"name": "RCatEar",
				"parent": "Hair",
				"pivot": [-1.5, 22, -0.5],
				"rotation": [10, -15, -20],
				"cubes": [
					{"origin": [-4, 22, -1], "size": [3, 4, 1], "uv": [26, 0]},
					{"origin": [-2, 25, -1], "size": [1, 1, 1], "uv": [20, 0]}
				]
			},
			{
				"name": "LCatEar",
				"parent": "Hair",
				"pivot": [1.5, 22, -0.5],
				"rotation": [10, 15, 20],
				"cubes": [
					{"origin": [1, 22, -1], "size": [3, 4, 1], "uv": [26, 5]},
					{"origin": [1, 25, -1], "size": [1, 1, 1], "uv": [20, 2]}
				]
			},
			{
				"name": "HTop",
				"parent": "Hair",
				"pivot": [0, 15, 0],
				"cubes": [
					{"origin": [-3.5, 22, -3], "size": [7, 1, 6], "uv": [0, 29]}
				]
			},
			{
				"name": "PonyTail",
				"parent": "Hair",
				"pivot": [0, 20, 3.25],
				"cubes": [
					{"origin": [-1, 15, 3.25], "size": [2, 5, 2], "uv": [30, 10]}
				]
			},
			{
				"name": "HRight",
				"parent": "Hair",
				"pivot": [-4, 17.8, 2.25],
				"cubes": [
					{"origin": [-5.8, 12, 1.25], "size": [2, 6, 2], "uv": [38, 10], "inflate": -0.25}
				]
			},
			{
				"name": "HLeft",
				"parent": "Hair",
				"pivot": [4, 17.8, 2.25],
				"cubes": [
					{"origin": [3.8, 12, 1.25], "size": [2, 6, 2], "uv": [38, 18], "inflate": -0.25}
				]
			},
			{
				"name": "HRight2",
				"parent": "Hair",
				"pivot": [-3.5, 15, -3.5],
				"cubes": [
					{"origin": [-4, 11, -3.5], "size": [1, 4, 1], "uv": [46, 10]}
				]
			},
			{
				"name": "HLeft2",
				"parent": "Hair",
				"pivot": [3.5, 15, -3.5],
				"cubes": [
					{"origin": [3, 11, -3.5], "size": [1, 4, 1], "uv": [46, 15]}
				]
			},
			{
				"name": "HBack",
				"parent": "Hair",
				"pivot": [0, 14, 3.5],
				"cubes": [
					{"origin": [-4, 9, 2.5], "size": [8, 5, 1], "uv": [38, 26]}
				]
			},
			{
				"name": "Neck1",
				"parent": "Body",
				"pivot": [0, 15, 0],
				"cubes": [
					{"origin": [-2.5, 14, -2.5], "size": [5, 2, 5], "uv": [0, 57]}
				],
				"locators": {
					"lead": [0, 15, 0]
				}
			},
			{
				"name": "RightArm",
				"parent": "Body",
				"pivot": [-3, 14, 0],
				"cubes": [
					{"origin": [-5, 7, -1], "size": [2, 8, 2], "uv": [36, 0]}
				]
			},
			{
				"name": "rightItem",
				"parent": "RightArm",
				"pivot": [-4, 11, 1]
			},
			{
				"name": "LeftArm",
				"parent": "Body",
				"pivot": [3, 14, 0],
				"cubes": [
					{"origin": [3, 7, -1], "size": [2, 8, 2], "uv": [44, 0]}
				]
			},
			{
				"name": "leftItem",
				"parent": "LeftArm",
				"pivot": [4, 11, 1]
			},
			{
				"name": "Tail1",
				"parent": "Body",
				"pivot": [0, 8, 0.5],
				"bind_pose_rotation": [90.0, 0, 0],
				"cubes": [
					{"origin": [-0.5, 0, 0.5], "size": [1, 8, 1], "uv": [30, 20]}
				]
			},
			{
				"name": "Tail2",
				"parent": "Tail1",
				"pivot": [0, 8, 8.5],
				"bind_pose_rotation": [90.0, 0, 0],
				"cubes": [
					{"origin": [-0.5, 0, 8.5], "size": [1, 8, 1], "uv": [34, 20]}
				]
			},
			{
				"name": "Skirt1",
				"parent": "Body",
				"pivot": [0, 9, 0],
				"cubes": [
					{"origin": [-3.5, 2, -2], "size": [7, 7, 4], "uv": [18, 44]}
				]
			},
			{
				"name": "Skirt2",
				"parent": "Body",
				"pivot": [0, 9, 0],
				"cubes": [
					{"origin": [-4, 3, -2.5], "size": [8, 3, 5], "uv": [18, 36]}
				]
			},
			{
				"name": "RightLeg",
				"parent": "Body",
				"pivot": [-1.5, 8, 0],
				"cubes": [
					{"origin": [-3, -0.2, -1.5], "size": [3, 8, 3], "uv": [52, 0], "inflate": -0.2}
				]
			},
			{
				"name": "LeftLeg",
				"parent": "Body",
				"pivot": [1.5, 8, 0],
				"cubes": [
					{"origin": [0, -0.2, -1.5], "size": [3, 8, 3], "uv": [52, 11], "inflate": -0.2}
				]
			}
		]
	}
}