{
	"format_version": "1.8.0",
	"geometry.cmm.creeper.v1.8": {
		"texturewidth": 64,
		"textureheight": 64,
		"visible_bounds_width": 2,
		"visible_bounds_height": 3,
		"visible_bounds_offset": [0, 1.5, 0],
		"bones": [
			{
				"name": "World",
				"pivot": [0, 0, 0]
			},
			{
				"name": "Root",
				"parent": "World",
				"pivot": [0, 24, 0]
			},
			{
				"name": "Waist",
				"parent": "Root",
				"pivot": [0, 12, 0]
			},
			{
				"name": "Torso",
				"parent": "Waist",
				"pivot": [0, 11.5, 0]
			},
			{
				"name": "Body",
				"parent": "Torso",
				"pivot": [0, 24, 0],
				"cubes": [
					{"origin": [-3.5, 18, -1.5], "size": [7, 5, 3], "uv": [44, 47]}
				]
			},
			{
				"name": "Head",
				"parent": "Body",
				"pivot": [0, 24, 0],
				"cubes": [
					{"origin": [-3.5, 24, -3], "size": [7, 7, 6], "uv": [0, 0]}
				]
			},
			{
				"name": "Hood1",
				"parent": "Head",
				"pivot": [0, 24, 0],
				"cubes": [
					{"origin": [-4, 23, -3.5], "size": [8, 8, 7], "uv": [0, 13]}
				]
			},
			{
				"name": "Hood3",
				"parent": "Hood1",
				"pivot": [0, 24, 0],
				"cubes": [
					{"origin": [-3.5, 31, -3], "size": [7, 1, 6], "uv": [0, 28]}
				]
			},
			{
				"name": "Hood2",
				"parent": "Hood1",
				"pivot": [0, 24, 0],
				"cubes": [
					{"origin": [-5, 23, -3], "size": [10, 6, 6], "uv": [0, 35]}
				]
			},
			{
				"name": "Neck",
				"parent": "Body",
				"pivot": [0, 24, 0],
				"cubes": [
					{"origin": [-1.5, 23, -1.5], "size": [3, 2, 3], "uv": [32, 48]}
				]
			},
			{
				"name": "RightArm",
				"parent": "Body",
				"pivot": [-3.5, 22, 0],
				"cubes": [
					{"origin": [-5.5, 11, -1], "size": [2, 12, 2], "uv": [36, 0]}
				]
			},
			{
				"name": "RightArm2",
				"parent": "RightArm",
				"pivot": [-3.5, 22, 0],
				"cubes": [
					{"origin": [-6, 11.7, -1.5], "size": [3, 8, 3], "uv": [16, 53], "inflate": -0.3}
				]
			},
			{
				"name": "rightItem",
				"parent": "RightArm",
				"pivot": [-4.5, 15, 1]
			},
			{
				"name": "LeftArm",
				"parent": "Body",
				"pivot": [3.5, 22, 0],
				"cubes": [
					{"origin": [3.5, 11, -1], "size": [2, 12, 2], "uv": [44, 0]}
				]
			},
			{
				"name": "LeftArm2",
				"parent": "LeftArm",
				"pivot": [3.5, 22, 0],
				"cubes": [
					{"origin": [3, 11.7, -1.5], "size": [3, 8, 3], "uv": [28, 53], "inflate": -0.3}
				]
			},
			{
				"name": "leftItem",
				"parent": "LeftArm",
				"pivot": [4.5, 15, 1]
			},
			{
				"name": "Bust",
				"parent": "Body",
				"pivot": [0, 19.75, -1.5]
			},
			{
				"name": "BustTop",
				"parent": "Bust",
				"pivot": [0, 20.75, -3],
				"rotation": [-45, 0, 0],
				"cubes": [
					{"origin": [-3, 20.75, -3], "size": [6, 2, 2], "uv": [0, 52]}
				]
			},
			{
				"name": "BustFront",
				"parent": "Bust",
				"pivot": [0, 18.75, -3],
				"cubes": [
					{"origin": [-3, 18.75, -3], "size": [6, 2, 2], "uv": [0, 56], "inflate": 0.01}
				]
			},
			{
				"name": "BustBottom",
				"parent": "Bust",
				"pivot": [0, 18.75, -3],
				"rotation": [-25, 0, 0],
				"cubes": [
					{"origin": [-3, 18.75, -3], "size": [6, 2, 2], "uv": [0, 60]}
				]
			},
			{
				"name": "Body2",
				"parent": "Body",
				"pivot": [0, 24, 0],
				"cubes": [
					{"origin": [-3, 12, -1.5], "size": [6, 6, 3], "uv": [46, 55]},
					{"origin": [-0.5, 11, -1.5], "size": [1, 1, 3], "uv": [56, 43]}
				]
			},
			{
				"name": "Skirt",
				"parent": "Body2",
				"pivot": [0, 14, 0],
				"cubes": [
					{"origin": [-3, 11.75, -1.5], "size": [6, 2, 3], "uv": [46, 30], "inflate": 0.25}
				]
			},
			{
				"name": "RightLeg",
				"parent": "Waist",
				"pivot": [-2, 12, 0],
				"cubes": [
					{"origin": [-3.5, 0, -1.5], "size": [3, 12, 3], "uv": [52, 0]}
				]
			},
			{
				"name": "LeftLeg",
				"parent": "Waist",
				"pivot": [2, 12, 0],
				"cubes": [
					{"origin": [0.5, 0, -1.5], "size": [3, 12, 3], "uv": [52, 15]}
				]
			}
		]
	}
}