{
	"format_version": "1.8.0",
	"geometry.cmm.dolphin.v1.8": {
		"texturewidth": 64,
		"textureheight": 64,
		"visible_bounds_width": 2,
		"visible_bounds_height": 3,
		"visible_bounds_offset": [0, 1.5, 0],
		"bones": [{
			"name": "root",
			"pivot": [ 0, 24, 0 ],
			"neverRender": true
		}, {
			"name": "HTop",
			"parent": "Hair",
			"pivot": [0, 24, 0],
			"cubes": [{
				"origin": [-3.5, 31, -3],
				"size": [7, 1, 6],
				"uv": [0, 30]
			}]
		}, {
			"name": "Hair",
			"parent": "Head",
			"pivot": [0, 24, 0],
			"cubes": [{
				"origin": [-4, 21, -3.5],
				"size": [8, 10, 7],
				"uv": [0, 13]
			}]
		}, {
			"name": "Head",
			"parent": "Body",
			"pivot": [0, 24, 0],
			"cubes": [{
				"origin": [-3.5, 24, -3],
				"size": [7, 7, 6],
				"uv": [0, 0]
			}]
		}, {
			"name": "Neck",
			"parent": "Body",
			"pivot": [0, 24, 0],
			"cubes": [{
				"origin": [-1.5, 23, -1.5],
				"size": [3, 2, 3],
				"uv": [0, 37]
			}]
		}, {
			"name": "RightArm",
			"parent": "Body",
			"pivot": [-4.5, 22, 0],
			"cubes": [{
				"origin": [-5.5, 11, -1],
				"size": [2, 12, 2],
				"uv": [36, 0]
			}]
		}, {
			"name": "rightItem",
			"pivot": [ -5.5, 15, 1 ],
			"neverRender": true,
			"parent": "RightArm"
		}, {
			"name": "LeftArm",
			"parent": "Body",
			"pivot": [3.5, 22, 0],
			"cubes": [{
				"origin": [3.5, 11, -1],
				"size": [2, 12, 2],
				"uv": [44, 0]
			}]
		}, {
			"name": "leftItem",
			"pivot": [ 5.5, 15, 1 ],
			"neverRender": true,
			"parent": "LeftArm"
		}, {
			"name": "Body",
			"parent": "waist",
			"pivot": [0, 24, 0],
			"cubes": [{
				"origin": [-3.5, 18, -1.5],
				"size": [7, 5, 3],
				"uv": [0, 47]
			}]
		}, {
			"name": "waist",
			"parent": "root",
			"pivot": [ 0, 12, 0 ],
			"neverRender": true
		}, {
			"name": "Body2",
			"parent": "Body",
			"pivot": [0, 24, 0],
			"cubes": [{
				"origin": [-3, 12, -1.5],
				"size": [6, 6, 3],
				"uv": [0, 55]
			}]
		}, {
			"name": "Tail1",
			"parent": "Body2",
			"pivot": [0, 15, 0],
			"cubes": [{
				"origin": [-3.5, 8, -2],
				"size": [7, 7, 4],
				"uv": [42, 14]
			}]
		}, {
			"name": "Tail2",
			"parent": "Tail1",
			"pivot": [0, 8, 0],
			"cubes": [{
				"origin": [-2.5, 0, -1.5],
				"size": [5, 8, 3],
				"uv": [48, 25]
			}]
		}, {
			"name": "Tail3",
			"parent": "Tail2",
			"pivot": [0, 0, 0],
			"cubes": [{
				"origin": [-5, -6, -0.5],
				"size": [10, 6, 1],
				"uv": [42, 36]
			}]
		}]
	}
}