{
	"format_version": "1.10.0",
	"geometry.cmm.dragon": {
		"texturewidth": 64,
		"textureheight": 64,
		"visible_bounds_width": 4,
		"visible_bounds_height": 3,
		"visible_bounds_offset": [0, 1.5, 0],
		"bones": [
			{
				"name": "World",
				"pivot": [0, 0, 0]
			},
			{
				"name": "Root",
				"parent": "World",
				"pivot": [0, 24, 0]
			},
			{
				"name": "Waist",
				"parent": "Root",
				"pivot": [0, 12, 0]
			},
			{
				"name": "Torso",
				"parent": "Waist",
				"pivot": [0, 11.5, 0]
			},
			{
				"name": "Body",
				"parent": "Torso",
				"pivot": [0, 24, 0],
				"cubes": [
					{"origin": [-3.5, 18, -1.5], "size": [7, 5, 3], "uv": [0, 47]}
				]
			},
			{
				"name": "Head",
				"parent": "Body",
				"pivot": [0, 24, 0],
				"cubes": [
					{"origin": [-3.5, 24, -3], "size": [7, 7, 6], "uv": [0, 0]}
				]
			},
			{
				"name": "Hair",
				"parent": "Head",
				"pivot": [0, 24, 0],
				"cubes": [
					{"origin": [-4, 23, -3.5], "size": [8, 8, 7], "uv": [0, 13], "inflate": -0.01}
				]
			},
			{
				"name": "HTop",
				"parent": "Hair",
				"pivot": [0, 24, 0],
				"cubes": [
					{"origin": [-3.5, 31, -3], "size": [7, 1, 6], "uv": [0, 28]}
				]
			},
			{
				"name": "LeftEar",
				"parent": "HTop",
				"pivot": [0, 24, 0],
				"cubes": [
					{"origin": [1.5, 32, -2], "size": [1, 1, 3], "uv": [38, 27], "inflate": 0.25}
				]
			},
			{
				"name": "RightEar",
				"parent": "HTop",
				"pivot": [0, 24, 0],
				"cubes": [
					{"origin": [-2.5, 32, -2], "size": [1, 1, 3], "uv": [30, 27], "inflate": 0.25}
				]
			},
			{
				"name": "BHair",
				"parent": "Hair",
				"pivot": [0, 24, 3],
				"cubes": [
					{"origin": [-4, 12, 2.5], "size": [8, 12, 1], "uv": [30, 14]}
				]
			},
			{
				"name": "Neck",
				"parent": "Body",
				"pivot": [0, 24, 0],
				"cubes": [
					{"origin": [-1.5, 23, -1.5], "size": [3, 2, 3], "uv": [52, 47]}
				]
			},
			{
				"name": "Neck1",
				"parent": "Neck",
				"pivot": [0, 24, 0],
				"cubes": [
					{"origin": [-2.5, 23, -2.5], "size": [5, 2, 5], "uv": [18, 57]}
				]
			},
			{
				"name": "RightArm",
				"parent": "Body",
				"pivot": [-3.5, 22, 0],
				"cubes": [
					{"origin": [-5.5, 11, -1], "size": [2, 12, 2], "uv": [36, 0]}
				]
			},
			{
				"name": "rightItem",
				"parent": "RightArm",
				"pivot": [-4.5, 15, 1]
			},
			{
				"name": "LeftArm",
				"parent": "Body",
				"pivot": [3.5, 22, 0],
				"cubes": [
					{"origin": [3.5, 11, -1], "size": [2, 12, 2], "uv": [44, 0]}
				]
			},
			{
				"name": "leftItem",
				"parent": "LeftArm",
				"pivot": [4.5, 15, 1]
			},
			{
				"name": "Wings",
				"parent": "Body",
				"pivot": [0, 21.5, 1.5]
			},
			{
				"name": "RightWing",
				"parent": "Wings",
				"pivot": [0, 20.5, 1.5],
				"cubes": [
					{"origin": [-8, 13.5, 1.5], "size": [8, 8, 0], "uv": [20, 35]},
					{"origin": [-8, 20.5, 1], "size": [8, 2, 1], "uv": [20, 51]}
				]
			},
			{
				"name": "RightWingTip",
				"parent": "RightWing",
				"pivot": [-8, 17.5, 1.5],
				"cubes": [
					{"origin": [-16, 13.5, 1.5], "size": [8, 8, 0], "uv": [20, 43]},
					{"origin": [-17, 21.5, 1], "size": [9, 1, 1], "uv": [20, 54]}
				]
			},
			{
				"name": "LeftWing",
				"parent": "Wings",
				"pivot": [0, 20.5, 1.5],
				"mirror": true,
				"cubes": [
					{"origin": [0, 13.5, 1.5], "size": [8, 8, 0], "uv": [20, 35]},
					{"origin": [0, 20.5, 1], "size": [8, 2, 1], "uv": [20, 51]}
				]
			},
			{
				"name": "LeftWingTip",
				"parent": "LeftWing",
				"pivot": [8, 17.5, 1.5],
				"mirror": true,
				"cubes": [
					{"origin": [8, 13.5, 1.5], "size": [8, 8, 0], "uv": [20, 43]},
					{"origin": [8, 21.5, 1], "size": [9, 1, 1], "uv": [20, 54]}
				]
			},
			{
				"name": "Bust",
				"parent": "Body",
				"pivot": [0, 19.7, -1.5]
			},
			{
				"name": "BustTop",
				"parent": "Bust",
				"pivot": [0, 22.15, -1.4],
				"rotation": [-45, 0, 0],
				"cubes": [
					{"origin": [-3, 20, -1.5], "size": [6, 2, 2], "uv": [48, 52]}
				]
			},
			{
				"name": "BustFront",
				"parent": "Bust",
				"pivot": [0, 24, 0],
				"cubes": [
					{"origin": [-3, 18.7, -3], "size": [6, 2, 2], "uv": [48, 56], "inflate": 0.01}
				]
			},
			{
				"name": "BustBottom",
				"parent": "Bust",
				"pivot": [0, 20.8, -2.1],
				"rotation": [-25, 0, 0],
				"cubes": [
					{"origin": [-3, 18.5, -2], "size": [6, 2, 2], "uv": [48, 60]}
				]
			},
			{
				"name": "Body2",
				"parent": "Body",
				"pivot": [0, 24, 0],
				"cubes": [
					{"origin": [-3, 14, -1.5], "size": [6, 4, 3], "uv": [0, 55]}
				]
			},
			{
				"name": "Body2Z",
				"parent": "Body2",
				"pivot": [0, 24, 0],
				"cubes": [
					{"origin": [-3.5, 11, -1.5], "size": [7, 3, 3], "uv": [0, 35]}
				]
			},
			{
				"name": "Tail",
				"parent": "Body2Z",
				"pivot": [0, 12, 0.5]
			},
			{
				"name": "Tail1",
				"parent": "Tail",
				"pivot": [0, 13, 0.5],
				"cubes": [
					{"origin": [-1.5, 11.5, 1.5], "size": [3, 3, 6], "uv": [46, 30], "inflate": 1}
				]
			},
			{
				"name": "Tail2",
				"parent": "Tail",
				"pivot": [0, 13, 0.5],
				"cubes": [
					{"origin": [-1.5, 11.5, 1], "size": [3, 3, 6], "uv": [46, 30], "inflate": 0.5}
				]
			},
			{
				"name": "Tail3",
				"parent": "Tail",
				"pivot": [0, 13, 0.5],
				"cubes": [
					{"origin": [-1.5, 11.5, 0.5], "size": [3, 3, 6], "uv": [46, 30]}
				]
			},
			{
				"name": "Tail4",
				"parent": "Tail",
				"pivot": [0.5, 12.5, 0.5],
				"cubes": [
					{"origin": [-0.5, 11.5, 0.5], "size": [2, 2, 5], "uv": [50, 39]}
				]
			},
			{
				"name": "Tail5",
				"parent": "Tail",
				"pivot": [1, 12, 0.5],
				"cubes": [
					{"origin": [0.5, 11.5, 0.5], "size": [1, 1, 4], "uv": [45, 39]}
				]
			},
			{
				"name": "Skirt",
				"parent": "Body2Z",
				"pivot": [0, 14, 0],
				"cubes": [
					{"origin": [-3.5, 10.85, -1.5], "size": [7, 3, 3], "uv": [0, 41], "inflate": 0.3}
				]
			},
			{
				"name": "RightLeg",
				"parent": "Waist",
				"pivot": [-2, 12, 0],
				"cubes": [
					{"origin": [-3.5, 0, -1.5], "size": [3, 12, 3], "uv": [52, 0]}
				]
			},
			{
				"name": "LeftLeg",
				"parent": "Waist",
				"pivot": [2, 12, 0],
				"cubes": [
					{"origin": [0.5, 0, -1.5], "size": [3, 12, 3], "uv": [52, 15]}
				]
			}
		]
	}
}