{
	"format_version": "1.8.0",
	"geometry.cmm.endermite.v1.8": {
		"texturewidth": 64,
		"textureheight": 64,
		"visible_bounds_width": 2,
		"visible_bounds_height": 3,
		"visible_bounds_offset": [0, 0, 0],
		"bones": [{
			"name": "root",
			"pivot": [ 0, 21, 0 ],
			"neverRender": true
		}, {
			"name": "HTop",
			"parent": "Hair",
			"pivot": [0, 21, 0],
			"cubes": [{
				"origin": [-3.5, 28, -3],
				"size": [7, 1, 6],
				"uv": [0, 28]
			}]
		}, {
			"name": "Hat",
			"parent": "Hair",
			"pivot": [0, 21, 0],
			"bind_pose_rotation": [0, 0, 35],
			"cubes": [{
				"origin": [-3.85, 28.36, -2],
				"size": [4, 3, 3],
				"uv": [20, 40]
			}]
		}, {
			"name": "Hair",
			"parent": "Head",
			"pivot": [0, 21, 0],
			"cubes": [{
				"origin": [-4, 20, -3.5],
				"size": [8, 8, 7],
				"uv": [0, 13]
			}]
		}, {
			"name": "Head",
			"parent": "Body",
			"pivot": [0, 21, 0],
			"cubes": [{
				"origin": [-3.5, 21, -3],
				"size": [7, 7, 6],
				"uv": [0, 0]
			}]
		}, {
			"name": "Neck1",
			"parent": "Body",
			"pivot": [0, 21, 0],
			"cubes": [{
				"origin": [-1.5, 20, -1.5],
				"size": [3, 2, 3],
				"uv": [20, 35]
			}]
		}, {
			"name": "Neck2",
			"parent": "Neck1",
			"pivot": [0, 21, 0],
			"cubes": [{
				"origin": [-4, 19, -2.5],
				"size": [8, 2, 5],
				"uv": [38, 26],
				"inflate": -0.01
			}]
		}, {
			"name": "RightArm",
			"parent": "Body",
			"pivot": [-3.5, 19, 0],
			"cubes": [{
				"origin": [-5.5, 11, -1],
				"size": [2, 9, 2],
				"uv": [36, 0]
			}]
		}, {
			"name": "righttem",
			"pivot": [ -4.5, 16, 1 ],
			"neverRender": true,
			"parent": "RightArm"
		}, {
			"name": "LeftArm",
			"parent": "Body",
			"pivot": [3.5, 19, 0],
			"cubes": [{
				"origin": [3.5, 11, -1],
				"size": [2, 9, 2],
				"uv": [44, 0]
			}]
		}, {
			"name": "leftItem",
			"pivot": [ 4.5, 16, 1 ],
			"neverRender": true,
			"parent": "LeftArm"
		}, {
			"name": "Body",
			"parent": "waist",
			"pivot": [0, 21, 0],
			"cubes": [{
				"origin": [-3.5, 15, -1.5],
				"size": [7, 5, 3],
				"uv": [0, 36]
			}]
		}, {
			"name": "waist",
			"parent": "root",
			"pivot": [ 0, 10, 0 ],
			"neverRender": true
		}, {
			"name": "Body2",
			"parent": "Body",
			"pivot": [0, 21, 0],
			"cubes": [{
				"origin": [-3, 10, -1.5],
				"size": [6, 5, 3],
				"uv": [0, 44]
			}]
		}, {
			"name": "Skirt1",
			"parent": "Body2",
			"pivot": [0, 12, 0],
			"cubes": [{
				"origin": [-3.5, 10.5, -2],
				"size": [7, 2, 4],
				"uv": [42, 36]
			}]
		}, {
			"name": "Skirt2",
			"parent": "Body2",
			"pivot": [0, 10, 0],
			"cubes": [{
				"origin": [-4.5, 8, -3],
				"size": [9, 3, 6],
				"uv": [34, 42]
			}]
		}, {
			"name": "Skirt3",
			"parent": "Body2",
			"pivot": [0, 7, 0],
			"cubes": [{
				"origin": [-4, 6, -2.5],
				"size": [8, 2, 5],
				"uv": [38, 51]
			}]
		}, {
			"name": "Tail1",
			"parent": "Body2",
			"pivot": [0, 10.5, 3],
			"rotation": [30, 0, 0],
			"cubes": [{
				"origin": [-0.5, 10, 3],
				"size": [1, 1, 1],
				"uv": [18, 46],
				"inflate": 0.25
			}]
		}, {
			"name": "Tail2",
			"parent": "Tail1",
			"pivot": [0, 10.5, 4.2],
			"rotation": [15, 0, 0],
			"cubes": [{
				"origin": [-0.5, 10, 4.2],
				"size": [1, 1, 1],
				"uv": [22, 46]
			}]
		}, {
			"name": "RightLeg",
			"parent": "Body2",
			"pivot": [-2, 10, 0],
			"cubes": [{
				"origin": [-3.5, 0, -1.5],
				"size": [3, 10, 3],
				"uv": [52, 0]
			}]
		}, {
			"name": "LeftLeg",
			"parent": "Body2",
			"pivot": [2, 10, 0],
			"cubes": [{
				"origin": [0.5, 0, -1.5],
				"size": [3, 10, 3],
				"uv": [52, 13]
			}]
		}]
	}
}