{
	"format_version": "1.8.0",
	"geometry.cmm.enderman": {
		"texturewidth": 64,
		"textureheight": 64,
		"visible_bounds_width": 1,
		"visible_bounds_height": 2,
		"visible_bounds_offset": [0, 1, 0],
		"bones": [{
			"name": "root",
			"pivot": [0, 28, 0],
			"neverRender": true
		}, {
			"name": "HTop",
			"parent": "root",
			"pivot": [0, 28, 0],
			"cubes": [{
				"origin": [-3.5, 36, -3],
				"size": [7, 1, 6],
				"uv": [0, 35]
			}]
		}, {
			"name": "Hat",
			"parent": "root",
			"pivot": [0, 28, 0],
			"cubes": [{
				"origin": [-4, 33, -3.5],
				"size": [8, 3, 7],
				"uv": [0, 25]
			}]
		}, {
			"name": "Hair",
			"parent": "root",
			"pivot": [0, 28, 0],
			"cubes": [{
				"origin": [-4, 26, -3.5],
				"size": [8, 7, 7],
				"uv": [0, 11]
			}]
		}, {
			"name": "BHair",
			"parent": "root",
			"pivot": [0, 28, 0],
			"bind_pose_rotation": [10, 0, 0],
			"cubes": [{
				"origin": [-4, 17, 2.5],
				"size": [8, 11, 1],
				"uv": [30, 16]
			}]
		}, {
			"name": "Head",
			"parent": "root",
			"pivot": [0, 28, 0],
			"cubes": [{
				"origin": [-3.5, 28, -3],
				"size": [7, 5, 6],
				"uv": [0, 0]
			}]
		}, {
			"name": "Neck1",
			"parent": "root",
			"pivot": [0, 28, 0],
			"cubes": [{
				"origin": [-1.5, 27, -1.5],
				"size": [3, 2, 3],
				"uv": [52, 55]
			}]
		}, {
			"name": "Neck2",
			"parent": "root",
			"pivot": [0, 28, 0],
			"cubes": [{
				"origin": [-3.5, 27, -2.5],
				"size": [7, 1, 5],
				"uv": [40, 49]
			}]
		}, {
			"name": "RightArm",
			"parent": "root",
			"pivot": [-3.5, 26, 0],
			"cubes": [{
				"origin": [-5.5, 13, -1],
				"size": [2, 14, 2],
				"uv": [36, 0]
			}]
		}, {
			"name": "rightItem",
			"pivot": [-4.5, 17, 1],
			"neverRender": true,
			"parent": "RightArm"
		}, {
			"name": "LeftArm",
			"parent": "root",
			"pivot": [3.5, 26, 0],
			"cubes": [{
				"origin": [3.5, 13, -1],
				"size": [2, 14, 2],
				"uv": [44, 0]
			}]
		}, {
			"name": "leftItem",
			"pivot": [4.5, 17, 1],
			"neverRender": true,
			"parent": "LeftArm"
		}, {
			"name": "Body",
			"parent": "root",
			"pivot": [0, 28, 0],
			"cubes": [{
				"origin": [-3.5, 21, -1.5],
				"size": [7, 6, 3],
				"uv": [0, 45]
			}]
		}, {
			"name": "waist",
			"parent": "root",
			"pivot": [ 0, 14, 0 ],
			"neverRender": true
		}, {
			"name": "Body2",
			"parent": "root",
			"pivot": [0, 27, 0],
			"cubes": [{
				"origin": [-3, 14, -1.5],
				"size": [6, 7, 3],
				"uv": [0, 54]
			}]
		}, {
			"name": "Skirt1",
			"parent": "root",
			"pivot": [0, 17, 0],
			"cubes": [{
				"origin": [-3.5, 14, -2],
				"size": [7, 3, 4],
				"uv": [42, 34]
			}]
		}, {
			"name": "Skirt2",
			"parent": "root",
			"pivot": [0, 15, 0],
			"cubes": [{
				"origin": [-4, 12, -2.5],
				"size": [8, 3, 5],
				"uv": [38, 41]
			}]
		}, {
			"name": "RightLeg",
			"parent": "root",
			"pivot": [-2, 14, 0],
			"cubes": [{
				"origin": [-3.5, 0, -1.5],
				"size": [3, 14, 3],
				"uv": [52, 0]
			}]
		}, {
			"name": "LeftLeg",
			"parent": "root",
			"pivot": [2, 14, 0],
			"cubes": [{
				"origin": [0.5, 0, -1.5],
				"size": [3, 14, 3],
				"uv": [52, 17]
			}]
		}]
	}
}