{
	"format_version": "1.8.0",
	"geometry.cmm.ghast_sister.v1.8": {
		"texturewidth": 64,
		"textureheight": 64,
		"visible_bounds_width": 2,
		"visible_bounds_height": 2,
		"visible_bounds_offset": [0, 1, 0],
		"bones": [{
			"name": "root",
			"pivot": [ 0, 24, 0 ],
			"neverRender": true
		}, {
			"name": "HTop",
			"parent": "Hair",
			"pivot": [0, 24, 0],
			"cubes": [{
				"origin": [-3.5, 31, -3],
				"size": [7, 1, 6],
				"uv": [0, 28]
			}]
		}, {
			"name": "Hair",
			"parent": "Head",
			"pivot": [0, 24, 0],
			"cubes": [{
				"origin": [-4, 23, -3.5],
				"size": [8, 8, 7],
				"uv": [0, 13]
			}]
		}, {
			"name": "Head",
			"parent": "Body",
			"pivot": [0, 24, 0],
			"cubes": [{
				"origin": [-3.5, 24, -3],
				"size": [7, 7, 6],
				"uv": [0, 0]
			}]
		}, {
			"name": "BHair",
			"parent": "Hair",
			"pivot": [0, 24, 0],
			"bind_pose_rotation": [10, 0, 0],
			"cubes": [{
				"origin": [-4, 11, 2.3],
				"size": [8, 13, 1],
				"uv": [18, 50]
			}]
		}, {
			"name": "Neck1",
			"parent": "Body",
			"pivot": [0, 24, 0],
			"cubes": [{
				"origin": [-1.5, 23, -1.5],
				"size": [3, 2, 3],
				"uv": [0, 59]
			}]
		}, {
			"name": "Neck2",
			"parent": "Neck1",
			"pivot": [0, 24, 0],
			"cubes": [{
				"origin": [-3.5, 23, -2.5],
				"size": [7, 2, 5],
				"uv": [0, 35]
			}]
		}, {
			"name": "RightArm",
			"parent": "Body",
			"pivot": [-3.5, 22, 0],
			"rotation": [0, 0, 5.73],
			"cubes": [{
				"origin": [-5.5, 11, -1],
				"size": [2, 12, 2],
				"uv": [36, 0]
			}]
		}, {
			"name": "RightArm2",
			"parent": "RightArm",
			"pivot": [-3.5, 22, 0],
			"cubes": [{
				"origin": [-6, 7, -1.5],
				"size": [3, 10, 3],
				"uv": [30, 14]
			}]
		}, {
			"name": "rightItem",
			"pivot": [ -4.5, 15, 1 ],
			"neverRender": true,
			"parent": "RightArm"
		}, {
			"name": "LeftArm",
			"parent": "Body",
			"pivot": [3.5, 22, 0],
			"rotation": [0, 0, -5.73],
			"cubes": [{
				"origin": [3.5, 11, -1],
				"size": [2, 12, 2],
				"uv": [44, 0]
			}]
		}, {
			"name": "LeftArm2",
			"parent": "LeftArm",
			"pivot": [3.5, 22, 0],
			"mirror": true,
			"cubes": [{
				"origin": [3, 8, -1.5],
				"size": [3, 9, 3],
				"uv": [30, 14]
			}]
		}, {
			"name": "leftItem",
			"pivot": [ 4.5, 15, 1 ],
			"neverRender": true,
			"parent": "LeftArm"
		}, {
			"name": "Body",
			"parent": "waist",
			"pivot": [0, 24, 0],
			"cubes": [{
				"origin": [-3.5, 18, -1.5],
				"size": [7, 5, 3],
				"uv": [0, 42]
			}]
		}, {
			"name": "waist",
			"parent": "root",
			"pivot": [ 0, 12, 0 ],
			"neverRender": true
		}, {
			"name": "BustTop",
			"parent": "Body",
			"pivot": [0, 22.15, -1.4],
			"rotation": [-45, 0, 0],
			"cubes": [{
				"origin": [-3, 20, -1.5],
				"size": [6, 2, 2],
				"uv": [48, 52]
			}]
		}, {
			"name": "BustFront",
			"parent": "Body",
			"pivot": [0, 24, 0],
			"cubes": [{
				"origin": [-3, 18.7, -3],
				"size": [6, 2, 2],
				"uv": [48, 56],
				"inflate": 0.01
			}]
		}, {
			"name": "BustBottom",
			"parent": "Body",
			"pivot": [0, 20.8, -2.1],
			"rotation": [-25, 0, 0],
			"cubes": [{
				"origin": [-3, 18.5, -2],
				"size": [6, 2, 2],
				"uv": [48, 60]
			}]
		}, {
			"name": "Body2",
			"parent": "Body",
			"pivot": [0, 24, 0],
			"cubes": [{
				"origin": [-3, 12, -1.5],
				"size": [6, 6, 3],
				"uv": [0, 50]
			}]
		}, {
			"name": "Skirt1",
			"parent": "Body2",
			"pivot": [0, 12, 0],
			"cubes": [{
				"origin": [-4, 10, -2],
				"size": [8, 5, 4],
				"uv": [40, 30]
			}]
		}, {
			"name": "Skirt2",
			"parent": "Body2",
			"pivot": [0, 12, 0],
			"cubes": [{
				"origin": [-4.5, 6, -2.5],
				"size": [9, 8, 5],
				"uv": [36, 39]
			}]
		}, {
			"name": "RightLeg",
			"parent": "Body2",
			"pivot": [-2, 11, 0],
			"cubes": [{
				"origin": [-3.5, 0, -1.5],
				"size": [3, 12, 3],
				"uv": [52, 0]
			}]
		}, {
			"name": "LeftLeg",
			"parent": "Body2",
			"pivot": [2, 11, 0],
			"cubes": [{
				"origin": [0.5, 0, -1.5],
				"size": [3, 12, 3],
				"uv": [52, 15]
			}]
		}]
	}
}