{
	"format_version": "1.8.0",
	"geometry.cmm.goat.baby": {
		"texturewidth": 64,
		"textureheight": 64,
		"visible_bounds_width": 2,
		"visible_bounds_height": 4,
		"visible_bounds_offset": [0, 1, 0],
		"bones": [{
			"name": "root",
			"pivot": [0, 13, 0],
			"neverRender": true
		}, {
			"name": "RightGoatEar",
			"parent": "Hair",
			"pivot": [-3.5, 17.5, -1],
			"rotation": [-20, 20, -20],
			"cubes": [{
				"origin": [-7.5, 15.5, -1.5],
				"size": [4, 2, 1],
				"uv": [0, 36]
			}]
		}, {
			"name": "LeftGoatEar",
			"parent": "Hair",
			"pivot": [3.5, 17.5, -1],
			"rotation": [-20, -20, 20],
			"cubes": [{
				"origin": [3.5, 15.5, -1.5],
				"size": [4, 2, 1],
				"uv": [10, 36]
			}]
		}, {
			"name": "HTop",
			"parent": "root",
			"pivot": [0, 13, 0],
			"cubes": [{
				"origin": [-3.5, 20, -3],
				"size": [7, 1, 6],
				"uv": [0, 29]
			}]
		}, {
			"name": "Hair",
			"parent": "root",
			"pivot": [0, 13, 0],
			"cubes": [{
				"origin": [-4, 11, -3.5],
				"size": [8, 9, 7],
				"uv": [0, 13]
			}]
		}, {
			"name": "Head",
			"parent": "root",
			"pivot": [0, 13, 0],
			"cubes": [{
				"origin": [-3.5, 13, -3],
				"size": [7, 7, 6],
				"uv": [0, 0]
			}]
		}, {
			"name": "Neck",
			"parent": "root",
			"pivot": [0, 13, 0],
			"cubes": [{
				"origin": [-1.5, 13, -1.5],
				"size": [3, 1, 3],
				"uv": [16, 40]
			}]
		}, {
			"name": "RightArm",
			"parent": "root",
			"pivot": [-2.5, 12, 0],
			"cubes": [{
				"origin": [-4.5, 6, -1],
				"size": [2, 7, 2],
				"uv": [32, 0]
			}]
		}, {
			"name": "rightItem",
			"pivot": [-3.5, 10, 1],
			"neverRender": true,
			"parent": "RightArm"
		}, {
			"name": "LeftArm",
			"parent": "root",
			"pivot": [2.5, 12, 0],
			"cubes": [{
				"origin": [2.5, 6, -1],
				"size": [2, 7, 2],
				"uv": [40, 0]
			}]
		}, {
			"name": "leftItem",
			"pivot": [3.5, 10, 1],
			"neverRender": true,
			"parent": "LeftArm"
		}, {
			"name": "Body",
			"parent": "root",
			"pivot": [0, 13, 0],
			"cubes": [{
				"origin": [-2.5, 6, -1.5],
				"size": [5, 7, 3],
				"uv": [0, 40]
			}]
		}, {
			"name": "waist",
			"parent": "root",
			"pivot": [0, 6, 0],
			"neverRender": true
		}, {
			"name": "Skirt1",
			"parent": "root",
			"pivot": [0, 7, 0],
			"cubes": [{
				"origin": [-3, 3.5, -2.5],
				"size": [6, 5, 5],
				"uv": [0, 50]
			}]
		}, {
			"name": "RightLeg",
			"parent": "root",
			"pivot": [-1.5, 6, 0],
			"cubes": [{
				"origin": [-2.5, 0, -1],
				"size": [2, 6, 2],
				"uv": [48, 0]
			}]
		}, {
			"name": "LeftLeg",
			"parent": "root",
			"pivot": [1.5, 6, 0],
			"cubes": [{
				"origin": [0.5, 0, -1],
				"size": [2, 6, 2],
				"uv": [56, 0]
			}]
		}]
	}
}