{
	"format_version": "1.8.0",
	"geometry.cmm.guardian.v1.8": {
		"texturewidth": 64,
		"textureheight": 64,
		"visible_bounds_width": 2,
		"visible_bounds_height": 2,
		"visible_bounds_offset": [0, 1, 0],
		"bones": [{
			"name": "root",
			"pivot": [ 0, 24, 0 ],
			"neverRender": true
		}, {
			"name": "HTop",
			"parent": "Hair",
			"pivot": [0, 24, 0],
			"cubes": [{
				"origin": [-3.5, 31, -3],
				"size": [7, 1, 6],
				"uv": [0, 28]
			}]
		}, {
			"name": "Hair",
			"parent": "Head",
			"pivot": [0, 24, 0],
			"cubes": [{
				"origin": [-4, 23, -3.5],
				"size": [8, 8, 7],
				"uv": [0, 13]
			}]
		}, {
			"name": "Head",
			"parent": "Body",
			"pivot": [0, 24, 0],
			"cubes": [{
				"origin": [-3.5, 24, -3],
				"size": [7, 7, 6],
				"uv": [0, 0]
			}]
		}, {
			"name": "RightHorn",
			"parent": "Hair",
			"pivot": [0, 24, 0],
			"cubes": [{
				"origin": [-5, 30.5, -1.5],
				"size": [2, 1, 1],
				"uv": [0, 37]
			}]
		}, {
			"name": "LeftHorn",
			"parent": "Hair",
			"pivot": [0, 24, 0],
			"cubes": [{
				"origin": [3, 30.5, -1.5],
				"size": [2, 1, 1],
				"uv": [0, 35]
			}]
		}, {
			"name": "RightEar",
			"parent": "Hair",
			"pivot": [0, 24, 0],
			"cubes": [{
				"origin": [-5.5, 25, -1.5],
				"size": [2, 3, 1],
				"uv": [18, 56]
			}]
		}, {
			"name": "LeftEar",
			"parent": "Hair",
			"pivot": [0, 24, 0],
			"cubes": [{
				"origin": [3.5, 25, -1.5],
				"size": [2, 3, 1],
				"uv": [18, 60]
			}]
		}, {
			"name": "Neck",
			"parent": "Body",
			"pivot": [0, 24, 0],
			"cubes": [{
				"origin": [-1.5, 23, -1.5],
				"size": [3, 2, 3],
				"uv": [52, 47]
			}]
		}, {
			"name": "RightArm",
			"parent": "Body",
			"pivot": [-3.5, 22, 0],
			"cubes": [{
				"origin": [-5.5, 11, -1],
				"size": [2, 12, 2],
				"uv": [32, 0]
			}]
		}, {
			"name": "rightItem",
			"pivot": [ -4.5, 15, 1 ],
			"neverRender": true,
			"parent": "RightArm"
		}, {
			"name": "LeftArm",
			"parent": "Body",
			"pivot": [3.5, 22, 0],
			"cubes": [{
				"origin": [3.5, 11, -1],
				"size": [2, 12, 2],
				"uv": [56, 15]
			}]
		}, {
			"name": "leftItem",
			"pivot": [ 4.5, 15, 1 ],
			"neverRender": true,
			"parent": "LeftArm"
		}, {
			"name": "Body",
			"parent": "waist",
			"pivot": [0, 24, 0],
			"cubes": [{
				"origin": [-3.5, 18, -1.5],
				"size": [7, 5, 3],
				"uv": [0, 47]
			}]
		}, {
			"name": "waist",
			"parent": "root",
			"pivot": [ 0, 12, 0 ],
			"neverRender": true
		}, {
			"name": "Body2",
			"parent": "Body",
			"pivot": [0, 24, 0],
			"cubes": [{
				"origin": [-3, 12, -1.5],
				"size": [6, 6, 3],
				"uv": [0, 55]
			}]
		}, {
			"name": "Tail1",
			"parent": "Body2",
			"pivot": [0, 24, -7.5],
			"cubes": [{
				"origin": [-2, 12, 0.5],
				"size": [4, 4, 8],
				"uv": [32, 15]
			}]
		}, {
			"name": "Tail2",
			"parent": "Tail1",
			"pivot": [0, 24, -7.5],
			"cubes": [{
				"origin": [0, 13, -7.5],
				"size": [3, 3, 7],
				"uv": [18, 36]
			}]
		}, {
			"name": "Tail3",
			"parent": "Tail2",
			"pivot": [0, 24, -7.5],
			"cubes": [{
				"origin": [0, 14, -7.5],
				"size": [2, 2, 6],
				"uv": [0, 39]
			}]
		}, {
			"name": "Tail4",
			"parent": "Tail3",
			"pivot": [0, 24, -7.5],
			"cubes": [{
				"origin": [0, 11, -7.5],
				"size": [1, 9, 9],
				"uv": [28, 46]
			}]
		}, {
			"name": "Skirt1",
			"parent": "Body2",
			"pivot": [0, 15, 0],
			"cubes": [{
				"origin": [-3.5, 11, -2],
				"size": [7, 4, 4],
				"uv": [42, 29]
			}]
		}, {
			"name": "Skirt2",
			"parent": "Body2",
			"pivot": [0, 15, 0],
			"cubes": [{
				"origin": [-4, 7, -2.5],
				"size": [8, 4, 5],
				"uv": [38, 37]
			}]
		}, {
			"name": "RightLeg",
			"parent": "Body2",
			"pivot": [-2, 12, 0],
			"cubes": [{
				"origin": [-3.5, 0, -1.5],
				"size": [3, 12, 3],
				"uv": [40, 0]
			}]
		}, {
			"name": "LeftLeg",
			"parent": "Body2",
			"pivot": [2, 12, 0],
			"cubes": [{
				"origin": [0.5, 0, -1.5],
				"size": [3, 12, 3],
				"uv": [52, 0]
			}]
		}]
	}
}