{
	"format_version": "1.8.0",
	"geometry.cmm.hoglin.v1.8": {
		"texturewidth": 64,
		"textureheight": 96,
		"visible_bounds_width": 2,
		"visible_bounds_height": 4.5,
		"visible_bounds_offset": [0, 0.75, 0],
		"bones": [{
			"name": "root",
			"pivot": [ 0, 24, 0 ],
			"neverRender": true
		}, {
			"name": "HoglinHood",
			"parent": "Hair",
			"pivot": [0, 32, 0],
			"rotation": [30, 0, 0],
			"cubes": [{
				"origin": [-3.5, 30.5, -7.5],
				"size": [7, 3, 9],
				"uv": [0, 64],
				"inflate": 0.001
			}]
		}, {
			"name": "RightHoglinHorn",
			"parent": "HoglinHood",
			"pivot": [-4, 31.5, -6.5],
			"rotation": [30, 0, 0],
			"cubes": [{
				"origin": [-4.5, 31.5, -7],
				"size": [1, 4, 1],
				"uv": [26, 12]
			}]
		}, {
			"name": "LeftHoglinHorn",
			"parent": "HoglinHood",
			"pivot": [4, 31.5, -6.5],
			"rotation": [30, 0, 0],
			"cubes": [{
				"origin": [3.5, 31.5, -7],
				"size": [1, 4, 1],
				"uv": [0, 0]
			}]
		}, {
			"name": "Hat1",
			"parent": "Hair",
			"pivot": [0, 24, 0],
			"cubes": [{
				"origin": [0, 29, 0.5],
				"size": [0, 7, 5],
				"uv": [0, 71]
			}]
		}, {
			"name": "RightHoglinEar",
			"parent": "Hair",
			"pivot": [-3, 31, 0],
			"rotation": [0, 0, 45],
			"cubes": [{
				"origin": [-4, 27, -2],
				"size": [1, 4, 4],
				"uv": [30, 14]
			}]
		}, {
			"name": "LeftHoglinEar",
			"parent": "Hair",
			"pivot": [3, 31, 0],
			"rotation": [0, 0, -45],
			"cubes": [{
				"origin": [3, 27, -2],
				"size": [1, 4, 4],
				"uv": [40, 14]
			}]
		}, {
			"name": "HTop",
			"parent": "Hair",
			"pivot": [0, 24, 0],
			"cubes": [{
				"origin": [-3.5, 31, -3],
				"size": [7, 1, 6],
				"uv": [0, 28]
			}]
		}, {
			"name": "HSide",
			"parent": "Hair",
			"pivot": [0, 24, 0],
			"cubes": [{
				"origin": [-5, 23, -2.5],
				"size": [10, 6, 5],
				"uv": [0, 35]
			}]
		}, {
			"name": "Hair",
			"parent": "Head",
			"pivot": [0, 24, 0],
			"cubes": [{
				"origin": [-4, 23, -3.5],
				"size": [8, 8, 7],
				"uv": [0, 13]
			}]
		}, {
			"name": "Head",
			"parent": "Body",
			"pivot": [0, 24, 0],
			"cubes": [{
				"origin": [-3.5, 24, -3],
				"size": [7, 7, 6],
				"uv": [0, 0]
			}]
		}, {
			"name": "Neck",
			"parent": "Body",
			"pivot": [0, 24, 0],
			"cubes": [{
				"origin": [-1.5, 23, -1.5],
				"size": [3, 2, 3],
				"uv": [52, 47]
			}],
			"locators": {
				"lead": [0, 24, 0]
			}
		}, {
			"name": "RightArm",
			"parent": "Body",
			"pivot": [-3.5, 22, 0],
			"cubes": [{
				"origin": [-5.5, 11, -1],
				"size": [2, 12, 2],
				"uv": [36, 0]
			}]
		}, {
			"name": "RightArm2",
			"parent": "RightArm",
			"pivot": [-3.5, 22, 0],
			"cubes": [{
				"origin": [-6, 12, -1.5],
				"size": [3, 6, 3],
				"uv": [30, 22]
			}]
		}, {
			"name": "rightItem",
			"pivot": [-4.5, 15, 1],
			"neverRender": true,
			"parent": "RightArm"
		}, {
			"name": "LeftArm",
			"parent": "Body",
			"pivot": [3.5, 22, 0],
			"cubes": [{
				"origin": [3.5, 11, -1],
				"size": [2, 12, 2],
				"uv": [44, 0]
			}]
		}, {
			"name": "LeftArm2",
			"parent": "LeftArm",
			"pivot": [3.5, 22, 0],
			"cubes": [{
				"origin": [3, 12, -1.5],
				"size": [3, 6, 3],
				"uv": [30, 31]
			}]
		}, {
			"name": "leftItem",
			"pivot": [4.5, 15, 1],
			"neverRender": true,
			"parent": "LeftArm"
		}, {
			"name": "Body",
			"parent": "waist",
			"pivot": [0, 24, 0],
			"cubes": [{
				"origin": [-3.5, 18, -1.5],
				"size": [7, 5, 3],
				"uv": [0, 47]
			}]
		}, {
			"name": "Jacket",
			"parent": "Body",
			"pivot": [0, 24, 0],
			"cubes": [{
				"origin": [-4, 4.25, -2.5],
				"size": [8, 19, 5],
				"uv": [38, 64]
			}]
		}, {
			"name": "waist",
			"parent": "root",
			"pivot": [ 0, 13, 0 ],
			"neverRender": true
		}, {
			"name": "BustTop",
			"parent": "Body",
			"pivot": [0, 22.15, -1.4],
			"rotation": [-45, 0, 0],
			"cubes": [{
				"origin": [-3, 20, -1.5],
				"size": [6, 2, 2],
				"uv": [48, 52]
			}]
		}, {
			"name": "BustFront",
			"parent": "Body",
			"pivot": [0, 24, 0],
			"cubes": [{
				"origin": [-3, 18.7, -3],
				"size": [6, 2, 2],
				"uv": [48, 56]
			}]
		}, {
			"name": "BustBottom",
			"parent": "Body",
			"pivot": [0, 20.8, -2.1],
			"rotation": [-25, 0, 0],
			"cubes": [{
				"origin": [-3, 18.5, -2],
				"size": [6, 2, 2],
				"uv": [46, 12]
			}]
		}, {
			"name": "Body2",
			"parent": "Body",
			"pivot": [0, 24, 0],
			"cubes": [{
				"origin": [-3, 12, -1.5],
				"size": [6, 6, 3],
				"uv": [0, 55]
			}]
		}, {
			"name": "Skirt1",
			"parent": "Body2",
			"pivot": [0, 15, 0],
			"cubes": [{
				"origin": [-3.5, 8, -2],
				"size": [7, 6, 4],
				"uv": [42, 30],
				"inflate": 0.02
			}]
		}, {
			"name": "RightLeg",
			"parent": "Body2",
			"pivot": [-2, 12, 0],
			"cubes": [{
				"origin": [-3.5, 0, -1.5],
				"size": [3, 12, 3],
				"uv": [52, 0]
			}]
		}, {
			"name": "LeftLeg",
			"parent": "Body2",
			"pivot": [2, 12, 0],
			"cubes": [{
				"origin": [0.5, 0, -1.5],
				"size": [3, 12, 3],
				"uv": [52, 15]
			}]
		}]
	}
}