{
	"format_version": "1.10.0",
	"geometry.cmm.horse.v3": {
		"texturewidth": 128,
		"textureheight": 64,
		"visible_bounds_width": 4,
		"visible_bounds_height": 5.5,
		"visible_bounds_offset": [0, 1.25, 0],
		"bones": [
			{
				"name": "World",
				"pivot": [0, 0, 0]
			},
			{
				"name": "Root",
				"parent": "World",
				"pivot": [0, 0, 0]
			},
			{
				"name": "BodyBase",
				"parent": "Root",
				"pivot": [0, 13.5, 7.45],
				"cubes": [
					{"origin": [-4, 11, -10], "size": [8, 8, 20], "uv": [64, 0]}
				]
			},
			{
				"name": "Body",
				"parent": "BodyBase",
				"pivot": [0, 29, -8],
				"cubes": [
					{"origin": [-3.5, 23, -9.5], "size": [7, 5, 3], "uv": [0, 47]},
					{"origin": [-3, 17, -9.5], "size": [6, 6, 3], "uv": [0, 55]},
					{"origin": [-3.5, 18.5, -9.99], "size": [7, 1, 4], "uv": [42, 42]}
				]
			},
			{
				"name": "Head",
				"parent": "Body",
				"pivot": [0, 29, -8],
				"cubes": [
					{"origin": [-3.5, 29, -11], "size": [7, 7, 6], "uv": [0, 0]}
				]
			},
			{
				"name": "Hair",
				"parent": "Head",
				"pivot": [0, 29, -8],
				"cubes": [
					{"origin": [-4, 26, -11.5], "size": [8, 10, 7], "uv": [0, 13]}
				]
			},
			{
				"name": "HTop",
				"parent": "Hair",
				"pivot": [0, 29, -8],
				"cubes": [
					{"origin": [-3.5, 36, -11], "size": [7, 1, 6], "uv": [0, 32]}
				]
			},
			{
				"name": "BHair",
				"parent": "Hair",
				"pivot": [0, 29, -5.5],
				"cubes": [
					{"origin": [-4, 19, -5.5], "size": [8, 10, 1], "uv": [30, 14]}
				]
			},
			{
				"name": "RightEar",
				"parent": "Hair",
				"pivot": [0, 29, -8],
				"rotation": [30, 0, -5],
				"cubes": [
					{"origin": [-2.5, 36, -5.5], "size": [2, 4, 1], "uv": [12, 39]}
				]
			},
			{
				"name": "RightEarMule",
				"parent": "Hair",
				"pivot": [1, 29, -8],
				"rotation": [30, 0, -15],
				"cubes": [
					{"origin": [-1, 36, -5], "size": [2, 7, 1], "uv": [0, 39]}
				]
			},
			{
				"name": "LeftEar",
				"parent": "Hair",
				"pivot": [0, 29, -8],
				"rotation": [30, 0, 5],
				"cubes": [
					{"origin": [0.5, 36, -5.5], "size": [2, 4, 1], "uv": [18, 39]}
				]
			},
			{
				"name": "LeftEarMule",
				"parent": "Hair",
				"pivot": [0, 29, -8],
				"rotation": [30, 0, 15],
				"cubes": [
					{"origin": [-1, 36, -5], "size": [2, 7, 1], "uv": [6, 39]}
				]
			},
			{
				"name": "Neck",
				"parent": "Body",
				"pivot": [0, 29, -8],
				"cubes": [
					{"origin": [-1.5, 28, -9.5], "size": [3, 2, 3], "uv": [52, 47]}
				]
			},
			{
				"name": "RightArm",
				"parent": "Body",
				"pivot": [-3.5, 27, -8],
				"rotation": [0, 0, 3.5],
				"cubes": [
					{"origin": [-5.5, 16, -9], "size": [2, 12, 2], "uv": [36, 0]}
				]
			},
			{
				"name": "rightItem",
				"parent": "RightArm",
				"pivot": [-4.5, 20, -8]
			},
			{
				"name": "LeftArm",
				"parent": "Body",
				"pivot": [3.5, 27, -8],
				"rotation": [0, 0, -3.5],
				"cubes": [
					{"origin": [3.5, 16, -9], "size": [2, 12, 2], "uv": [44, 0]}
				]
			},
			{
				"name": "leftItem",
				"parent": "LeftArm",
				"pivot": [4.5, 20, -8]
			},
			{
				"name": "Bust",
				"parent": "Body",
				"pivot": [0, 24.5, -9.5]
			},
			{
				"name": "BustTop",
				"parent": "Bust",
				"pivot": [0, 27.15, -9.4],
				"rotation": [-45, 0, 0],
				"cubes": [
					{"origin": [-3, 25, -9.5], "size": [6, 2, 2], "uv": [48, 52]}
				]
			},
			{
				"name": "BustFront",
				"parent": "Bust",
				"pivot": [0, 29, -8],
				"cubes": [
					{"origin": [-3, 23.7, -11], "size": [6, 2, 2], "uv": [48, 56], "inflate": 0.02}
				]
			},
			{
				"name": "BustBottom",
				"parent": "Bust",
				"pivot": [0, 25.8, -10.1],
				"rotation": [-25, 0, 0],
				"cubes": [
					{"origin": [-3, 23.5, -10], "size": [6, 2, 2], "uv": [48, 60]}
				]
			},
			{
				"name": "LoinCloth",
				"parent": "Body",
				"pivot": [0, 19, -10],
				"rotation": [-5, 0, 0],
				"cubes": [
					{"origin": [-4, 8, -10], "size": [8, 11, 0], "uv": [48, 31]}
				]
			},
			{
				"name": "Tail",
				"parent": "BodyBase",
				"pivot": [0, 19, 10],
				"rotation": [20, 0, 0],
				"cubes": [
					{"origin": [-1.5, 5, 9], "size": [3, 14, 3], "uv": [100, 3]}
				]
			},
			{
				"name": "LegBL",
				"parent": "BodyBase",
				"pivot": [2.5, 11, 8.5],
				"cubes": [
					{"origin": [1, 0, 7], "size": [3, 11, 3], "uv": [76, 28]}
				]
			},
			{
				"name": "LegBR",
				"parent": "BodyBase",
				"pivot": [-2.5, 11, 8.5],
				"cubes": [
					{"origin": [-4, 0, 7], "size": [3, 11, 3], "uv": [64, 28]}
				]
			},
			{
				"name": "LegFL",
				"parent": "BodyBase",
				"pivot": [2.5, 11, -8.5],
				"cubes": [
					{"origin": [1, 0, -10], "size": [3, 11, 3], "uv": [100, 28]}
				]
			},
			{
				"name": "LegFR",
				"parent": "BodyBase",
				"pivot": [-2.5, 11, -8.5],
				"cubes": [
					{"origin": [-4, 0, -10], "size": [3, 11, 3], "uv": [88, 28]}
				]
			},
			{
				"name": "Bag1",
				"parent": "BodyBase",
				"pivot": [-5, 21, 11],
				"rotation": [0, -90, 0],
				"cubes": [
					{"origin": [-13, 12, 10], "size": [6, 6, 2], "uv": [64, 0]}
				]
			},
			{
				"name": "Bag2",
				"parent": "BodyBase",
				"pivot": [5, 21, 11],
				"rotation": [0, 90, 0],
				"cubes": [
					{"origin": [7, 12, 10], "size": [6, 6, 2], "uv": [64, 8], "mirror": true}
				]
			},
			{
				"name": "Saddle",
				"parent": "BodyBase",
				"pivot": [0, 22, 2],
				"cubes": [
					{"origin": [-4, 12, -3.5], "size": [8, 7, 9], "uv": [64, 42], "inflate": 0.5}
				]
			}
		]
	}
}