{
	"format_version": "1.8.0",
	"geometry.cmm.irongolem": {
		"texturewidth": 64,
		"textureheight": 64,
		"visible_bounds_width": 1,
		"visible_bounds_height": 2,
		"visible_bounds_offset": [0, 1, 0],
		"bones": [{
			"name": "root",
			"pivot": [ 0, 25, 0 ],
			"neverRender": true
		}, {
			"name": "HTop",
			"parent": "root",
			"pivot": [0, 25, 0],
			"cubes": [{
				"origin": [-4, 31, -3.5],
				"size": [8, 3, 7],
				"uv": [0, 26]
			}]
		}, {
			"name": "HLeft",
			"parent": "root",
			"pivot": [0, 25, 0],
			"cubes": [{
				"origin": [3.5, 29, -0.5],
				"size": [1, 4, 1],
				"uv": [32, 0]
			}]
		}, {
			"name": "Hair",
			"parent": "root",
			"pivot": [0, 25, 0],
			"cubes": [{
				"origin": [-4, 24, -3.5],
				"size": [8, 7, 7],
				"uv": [0, 12]
			}]
		}, {
			"name": "Head",
			"parent": "root",
			"pivot": [0, 25, 0],
			"cubes": [{
				"origin": [-3.5, 25, -3],
				"size": [7, 6, 6],
				"uv": [0, 0]
			}]
		}, {
			"name": "Neck",
			"parent": "root",
			"pivot": [0, 25, 0],
			"cubes": [{
				"origin": [-1.5, 24, -1.5],
				"size": [3, 2, 3],
				"uv": [0, 42]
			}],
			"locators": {
				"lead": [0, 25, 0]
			}
		}, {
			"name": "RightArm",
			"parent": "root",
			"pivot": [-3.5, 23, 0],
			"cubes": [{
				"origin": [-5.5, 11, -1],
				"size": [2, 13, 2],
				"uv": [36, 0]
			}]
		}, {
			"name": "rightItem",
			"pivot": [ -4.5, 15, 1 ],
			"neverRender": true,
			"parent": "RightArm"
		}, {
			"name": "LeftArm",
			"parent": "root",
			"pivot": [3.5, 23, 0],
			"cubes": [{
				"origin": [3.5, 11, -1],
				"size": [2, 13, 2],
				"uv": [44, 0]
			}]
		}, {
			"name": "leftItem",
			"pivot": [ 4.5, 15, 1 ],
			"neverRender": true,
			"parent": "LeftArm"
		}, {
			"name": "Body",
			"parent": "root",
			"pivot": [0, 25, 0],
			"cubes": [{
				"origin": [-3.5, 19, -1.5],
				"size": [7, 5, 3],
				"uv": [0, 47]
			}]
		}, {
			"name": "waist",
			"parent": "root",
			"pivot": [ 0, 13, 0 ],
			"neverRender": true
		}, {
			"name": "BustTop",
			"parent": "root",
			"pivot": [0, 23.15, -1.4],
			"rotation": [-45, 0, 0],
			"cubes": [{
				"origin": [-3, 21, -1.5],
				"size": [6, 2, 2],
				"uv": [48, 52]
			}]
		}, {
			"name": "BustFront",
			"parent": "root",
			"pivot": [0, 25, 0],
			"cubes": [{
				"origin": [-3, 19.7, -3],
				"size": [6, 2, 2],
				"uv": [48, 56],
				"inflate": 0.01
			}]
		}, {
			"name": "BustBottom",
			"parent": "root",
			"pivot": [0, 21.8, -2.1],
			"rotation": [-25, 0, 0],
			"cubes": [{
				"origin": [-3, 19.5, -2],
				"size": [6, 2, 2],
				"uv": [48, 60]
			}]
		}, {
			"name": "Body2",
			"parent": "root",
			"pivot": [0, 25, 0],
			"cubes": [{
				"origin": [-3, 13, -1.5],
				"size": [6, 6, 3],
				"uv": [0, 55]
			}]
		}, {
			"name": "Skirt",
			"parent": "root",
			"pivot": [0, 14, 0],
			"cubes": [{
				"origin": [-3.5, 8, -2],
				"size": [7, 6, 4],
				"uv": [42, 32],
				"inflate": 0.01
			}]
		}, {
			"name": "RightLeg",
			"parent": "root",
			"pivot": [-2, 12, 0],
			"cubes": [{
				"origin": [-3.5, 0, -1.5],
				"size": [3, 13, 3],
				"uv": [52, 0]
			}]
		}, {
			"name": "LeftLeg",
			"parent": "root",
			"pivot": [2, 12, 0],
			"cubes": [{
				"origin": [0.5, 0, -1.5],
				"size": [3, 13, 3],
				"uv": [52, 16]
			}]
		}]
	}
}