{
	"format_version": "1.8.0",
	"geometry.cmm.llama.v1.8": {
		"texturewidth": 128,
		"textureheight": 64,
		"visible_bounds_width": 4,
		"visible_bounds_height": 5.5,
		"visible_bounds_offset": [0, 1.25, 0],
		"bones": [{
			"name": "root",
			"pivot": [0, 0, 0]
		}, {
			"name": "RightEar",
			"parent": "Hair",
			"pivot": [0, 30, -6],
			"cubes": [{
				"origin": [-4, 37, -7],
				"size": [3, 4, 2],
				"uv": [20, 0]
			}]
		}, {
			"name": "LeftEar",
			"parent": "Hair",
			"pivot": [0, 30, -6],
			"cubes": [{
				"origin": [1, 37, -7],
				"size": [3, 4, 2],
				"uv": [20, 0]
			}]
		}, {
			"name": "Hat",
			"parent": "Hair",
			"pivot": [0, 29, -6],
			"cubes": [{
				"origin": [-4, 35, -9.5],
				"size": [8, 3, 7],
				"uv": [30, 0],
				"inflate": 0.02
			}, {
				"origin": [-5.5, 35, -11],
				"size": [11, 1, 10],
				"uv": [61, 14],
				"inflate": 0.02
			}, {
				"origin": [-3.5, 38, -9],
				"size": [7, 1, 6],
				"uv": [30, 10],
				"inflate": 0.02
			}]
		}, {
			"name": "Hat3",
			"parent": "Hat",
			"pivot": [2.5, 38.25, -6],
			"rotation": [0, 0, 12.5],
			"cubes": [{
				"origin": [0, 37.25, -8.5],
				"size": [5, 2, 5],
				"uv": [30, 28],
				"inflate": -0.25
			}]
		}, {
			"name": "Hat2",
			"parent": "Hat",
			"pivot": [2.5, 37, -9],
			"rotation": [-5, 0, -10],
			"cubes": [{
				"origin": [-4.3264, 37.95927, -9.33488],
				"size": [7, 2, 7],
				"uv": [30, 17]
			}, {
				"origin": [-1.33303, 39.53093, -5.3],
				"size": [1, 1, 1],
				"uv": [30, 26]
			}]
		}, {
			"name": "HSide",
			"parent": "Hair",
			"pivot": [0, 30, -6],
			"cubes": [{
				"origin": [-5, 29, -10],
				"size": [10, 6, 8],
				"uv": [60, 0]
			}]
		}, {
			"name": "HTop",
			"parent": "Hair",
			"pivot": [0, 30, -6],
			"cubes": [{
				"origin": [-3.5, 37, -9],
				"size": [7, 1, 6],
				"uv": [0, 29]
			}]
		}, {
			"name": "Hair",
			"parent": "Head",
			"pivot": [0, 30, -6],
			"cubes": [{
				"origin": [-4, 29, -9.5],
				"size": [8, 8, 7],
				"uv": [0, 13]
			}]
		}, {
			"name": "Head",
			"parent": "Body",
			"pivot": [0, 30, -6],
			"cubes": [{
				"origin": [-3.5, 30, -9],
				"size": [7, 7, 6],
				"uv": [0, 0]
			}]
		}, {
			"name": "Neck",
			"parent": "Body",
			"pivot": [0, 30, -6],
			"cubes": [{
				"origin": [-1.5, 29, -7.5],
				"size": [3, 2, 3],
				"uv": [20, 47]
			}],
			"locators": {
				"lead": [0, 30, -6]
			}
		}, {
			"name": "Neck1",
			"parent": "Body",
			"pivot": [0, 30, -6],
			"cubes": [{
				"origin": [-2.5, 28.75, -8.5],
				"size": [5, 2, 5],
				"uv": [0, 40]
			}]
		}, {
			"name": "Neck2",
			"parent": "Neck1",
			"pivot": [0, 30, -6],
			"cubes": [{
				"origin": [-3, 28.5, -9],
				"size": [6, 2, 6],
				"uv": [20, 39],
				"inflate": -0.25
			}]
		}, {
			"name": "Cape",
			"parent": "Neck2",
			"pivot": [0.25, 29, -3.75],
			"rotation": [7.5, 0, 0],
			"cubes": [{
				"origin": [-2.5, 21, -4.25],
				"size": [5, 9, 1],
				"uv": [38, 35]
			}]
		}, {
			"name": "RightArm",
			"parent": "Body",
			"pivot": [-3.5, 28, -6],
			"rotation": [0, 0, 7.25],
			"cubes": [{
				"origin": [-5.5, 17, -7],
				"size": [2, 12, 2],
				"uv": [36, 50]
			}]
		}, {
			"name": "rightItem",
			"parent": "RightArm",
			"pivot": [-4.5, 21, -6]
		}, {
			"name": "RightArm2",
			"parent": "RightArm",
			"pivot": [-3.5, 28, -6],
			"cubes": [{
				"origin": [-6, 18, -7.5],
				"size": [3, 8, 3],
				"uv": [104, 8]
			}, {
				"origin": [-6, 24.5, -7.5],
				"size": [3, 5, 3],
				"uv": [104, 0],
				"inflate": -0.15
			}]
		}, {
			"name": "LeftArm",
			"parent": "Body",
			"pivot": [3.5, 28, -6],
			"rotation": [0, 0, -7.25],
			"cubes": [{
				"origin": [3.5, 17, -7],
				"size": [2, 12, 2],
				"uv": [36, 50]
			}]
		}, {
			"name": "leftItem",
			"parent": "LeftArm",
			"pivot": [4.5, 21, -6]
		}, {
			"name": "LeftArm2",
			"parent": "LeftArm",
			"pivot": [3.5, 28, -6],
			"cubes": [{
				"origin": [3, 18, -7.5],
				"size": [3, 8, 3],
				"uv": [116, 8]
			}, {
				"origin": [3, 24.5, -7.5],
				"size": [3, 5, 3],
				"uv": [116, 0],
				"inflate": -0.15
			}]
		}, {
			"name": "Body",
			"parent": "root",
			"pivot": [0, 14, 11],
			"cubes": [{
				"origin": [-3.5, 24, -7.5],
				"size": [7, 5, 3],
				"uv": [0, 47]
			}]
		}, {
			"name": "Body2",
			"parent": "Body",
			"pivot": [0, 14, 11],
			"cubes": [{
				"origin": [-3, 18, -7.5],
				"size": [6, 6, 3],
				"uv": [0, 55]
			}]
		}, {
			"name": "Body3",
			"parent": "Body2",
			"pivot": [0, 16, 0],
			"cubes": [{
				"origin": [-4.5, 12, -8],
				"size": [9, 8, 16],
				"uv": [78, 40]
			}]
		}, {
			"name": "Chest1",
			"parent": "Body3",
			"pivot": [-8.5, 19, 3],
			"rotation": [0, 90, 0],
			"cubes": [{
				"origin": [-10.5, 13, 5],
				"size": [6, 6, 3],
				"uv": [44, 46]
			}]
		}, {
			"name": "Chest2",
			"parent": "Body3",
			"pivot": [5.5, 19, 3],
			"rotation": [0, 90, 0],
			"cubes": [{
				"origin": [3.5, 13, 1],
				"size": [6, 6, 3],
				"uv": [44, 55]
			}]
		}, {
			"name": "BustTop",
			"parent": "Body",
			"pivot": [0, 28.15, -7.4],
			"rotation": [-45, 0, 0],
			"cubes": [{
				"origin": [-3, 26, -7.5],
				"size": [6, 2, 2],
				"uv": [20, 52]
			}]
		}, {
			"name": "BustFront",
			"parent": "Body",
			"pivot": [0, 30, -6],
			"cubes": [{
				"origin": [-3, 24.7, -9],
				"size": [6, 2, 2],
				"uv": [20, 56],
				"inflate": 0.001
			}]
		}, {
			"name": "BustBottom",
			"parent": "Body",
			"pivot": [0, 26.8, -8.1],
			"rotation": [-25, 0, 0],
			"cubes": [{
				"origin": [-3, 24.5, -8],
				"size": [6, 2, 2],
				"uv": [20, 60],
				"inflate": -0.01
			}]
		}, {
			"name": "Leg0",
			"parent": "Body3",
			"pivot": [2.5, 14, 5.5],
			"cubes": [{
				"origin": [1, 0, 4],
				"size": [3, 14, 3],
				"uv": [66, 47]
			}]
		}, {
			"name": "Leg1",
			"parent": "Body3",
			"pivot": [-2.5, 14, 5.5],
			"cubes": [{
				"origin": [-4, 0, 4],
				"size": [3, 14, 3],
				"uv": [66, 47]
			}]
		}, {
			"name": "Leg2",
			"parent": "Body3",
			"pivot": [2.5, 14, -6.5],
			"cubes": [{
				"origin": [1, 0, -7],
				"size": [3, 14, 3],
				"uv": [66, 47]
			}]
		}, {
			"name": "Leg3",
			"parent": "Body3",
			"pivot": [-2.5, 14, -6.5],
			"cubes": [{
				"origin": [-4, 0, -7],
				"size": [3, 14, 3],
				"uv": [66, 47]
			}]
		}]
	}
}