{
	"format_version": "1.8.0",
	"geometry.cmm.mooshroom.baby.v1.8": {
		"texturewidth": 64,
		"textureheight": 64,
		"visible_bounds_width": 2,
		"visible_bounds_height": 2,
		"visible_bounds_offset": [0, 0, 0],
		"bones": [{
			"name": "root",
			"pivot": [0, 13, 0],
			"neverRender": true
		}, {
			"name": "HTop",
			"parent": "Hair",
			"pivot": [0, 13, 0],
			"cubes": [{
				"origin": [-3.5, 20, -3],
				"size": [7, 1, 6],
				"uv": [0, 28]
			}]
		}, {
			"name": "RightAntenna",
			"parent": "RightEar",
			"pivot": [0, 13, 0],
			"cubes": [{
				"origin": [-5, 19, -0.5],
				"size": [1, 4, 1],
				"uv": [4, 35]
			}]
		}, {
			"name": "LeftAntenna",
			"parent": "LeftEar",
			"pivot": [0, 13, 0],
			"cubes": [{
				"origin": [4, 19, -0.5],
				"size": [1, 4, 1],
				"uv": [0, 35]
			}]
		}, {
			"name": "RightEar",
			"parent": "Hair",
			"pivot": [0, 13, 0],
			"cubes": [{
				"origin": [-5, 16, -2.5],
				"size": [1, 3, 3],
				"uv": [16, 35]
			}]
		}, {
			"name": "LeftEar",
			"parent": "Hair",
			"pivot": [0, 13, 0],
			"cubes": [{
				"origin": [4, 16, -2.5],
				"size": [1, 3, 3],
				"uv": [8, 35]
			}]
		}, {
			"name": "Hair",
			"parent": "Head",
			"pivot": [0, 13, 0],
			"cubes": [{
				"origin": [-4, 12, -3.5],
				"size": [8, 8, 7],
				"uv": [0, 13]
			}]
		}, {
			"name": "Head",
			"parent": "Body",
			"pivot": [0, 13, 0],
			"cubes": [{
				"origin": [-3.5, 13, -3],
				"size": [7, 7, 6],
				"uv": [0, 0]
			}]
		}, {
			"name": "Neck",
			"parent": "Body",
			"pivot": [0, 13, 0],
			"cubes": [{
				"origin": [-1.5, 13, -1.5],
				"size": [3, 1, 3],
				"uv": [0, 49]
			}]
		}, {
			"name": "RightArm",
			"parent": "Body",
			"pivot": [-2.5, 12, 0],
			"cubes": [{
				"origin": [-4.5, 6, -1],
				"size": [2, 7, 2],
				"uv": [32, 0]
			}]
		}, {
			"name": "rightItem",
			"pivot": [ -3.5, 10, 1 ],
			"neverRender": true,
			"parent": "RightArm"
		}, {
			"name": "LeftArm",
			"parent": "Body",
			"pivot": [2.5, 12, 0],
			"cubes": [{
				"origin": [2.5, 6, -1],
				"size": [2, 7, 2],
				"uv": [40, 0]
			}]
		}, {
			"name": "leftItem",
			"pivot": [ 3.5, 10, 1 ],
			"neverRender": true,
			"parent": "LeftArm"
		}, {
			"name": "Body",
			"parent": "waist",
			"pivot": [0, 13, 0],
			"cubes": [{
				"origin": [-2.5, 6, -1.5],
				"size": [5, 7, 3],
				"uv": [0, 54]
			}]
		}, {
			"name": "waist",
			"parent": "root",
			"pivot": [ 0, 6, 0 ],
			"neverRender": true
		}, {
			"name": "Skirt1",
			"parent": "Body",
			"pivot": [0, 8, 0],
			"cubes": [{
				"origin": [-3, 5, -2],
				"size": [6, 3, 4],
				"uv": [16, 55]
			}]
		}, {
			"name": "RightLeg",
			"parent": "Body",
			"pivot": [-1.5, 6, 0],
			"cubes": [{
				"origin": [-2.5, 0, -1],
				"size": [2, 6, 2],
				"uv": [48, 0]
			}]
		}, {
			"name": "LeftLeg",
			"parent": "Body",
			"pivot": [1.5, 6, 0],
			"cubes": [{
				"origin": [0.5, 0, -1],
				"size": [2, 6, 2],
				"uv": [56, 0]
			}]
		}]
	}
}