{
	"format_version": "1.8.0",
	"geometry.cmm.mooshroom": {
		"texturewidth": 64,
		"textureheight": 64,
		"visible_bounds_width": 1,
		"visible_bounds_height": 2,
		"visible_bounds_offset": [0, 1, 0],
		"bones": [{
			"name": "root",
			"pivot": [0, 24, 0],
			"neverRender": true
		}, {
			"name": "HTop",
			"parent": "root",
			"pivot": [0, 24, 0],
			"cubes": [{
				"origin": [-3.5, 31, -3],
				"size": [7, 1, 6],
				"uv": [0, 28]
			}]
		}, {
			"name": "RightAntenna",
			"parent": "root",
			"pivot": [0, 24, 0],
			"cubes": [{
				"origin": [-5, 30, -0.5],
				"size": [1, 4, 1],
				"uv": [4, 35]
			}]
		}, {
			"name": "LeftAntenna",
			"parent": "root",
			"pivot": [0, 24, 0],
			"cubes": [{
				"origin": [4, 30, -0.5],
				"size": [1, 4, 1],
				"uv": [0, 35]
			}]
		}, {
			"name": "RightEar",
			"parent": "root",
			"pivot": [0, 24, 0],
			"cubes": [{
				"origin": [-5, 27, -2.5],
				"size": [1, 3, 3],
				"uv": [16, 35]
			}]
		}, {
			"name": "LeftEar",
			"parent": "root",
			"pivot": [0, 24, 0],
			"cubes": [{
				"origin": [4, 27, -2.5],
				"size": [1, 3, 3],
				"uv": [8, 35]
			}]
		}, {
			"name": "Hair",
			"parent": "root",
			"pivot": [0, 24, 0],
			"cubes": [{
				"origin": [-4, 23, -3.5],
				"size": [8, 8, 7],
				"uv": [0, 13]
			}]
		}, {
			"name": "Head",
			"parent": "root",
			"pivot": [0, 24, 0],
			"cubes": [{
				"origin": [-3.5, 24, -3],
				"size": [7, 7, 6],
				"uv": [0, 0]
			}]
		}, {
			"name": "Neck",
			"parent": "root",
			"pivot": [0, 24, 0],
			"cubes": [{
				"origin": [-1.5, 23, -1.5],
				"size": [3, 2, 3],
				"uv": [52, 47]
			}],
			"locators": {
				"lead": [0, 24, 0]
			}
		}, {
			"name": "RightArm",
			"parent": "root",
			"pivot": [-3.5, 22, 0],
			"cubes": [{
				"origin": [-5.5, 11, -1],
				"size": [2, 12, 2],
				"uv": [36, 0]
			}]
		}, {
			"name": "rightItem",
			"pivot": [-4.5, 15, 1],
			"neverRender": true,
			"parent": "RightArm"
		}, {
			"name": "LeftArm",
			"parent": "root",
			"pivot": [3.5, 22, 0],
			"cubes": [{
				"origin": [3.5, 11, -1],
				"size": [2, 12, 2],
				"uv": [44, 0]
			}]
		}, {
			"name": "leftItem",
			"pivot": [4.5, 15, 1],
			"neverRender": true,
			"parent": "LeftArm"
		}, {
			"name": "Body",
			"parent": "root",
			"pivot": [0, 24, 0],
			"cubes": [{
				"origin": [-3.5, 18, -1.5],
				"size": [7, 5, 3],
				"uv": [0, 47]
			}]
		}, {
			"name": "waist",
			"parent": "root",
			"pivot": [0, 12, 0],
			"neverRender": true
		}, {
			"name": "BustTop",
			"parent": "root",
			"pivot": [0, 21.7, -2.5],
			"rotation": [-40, 0, 0],
			"cubes": [{
				"origin": [-3, 19.9, -1.5],
				"size": [6, 2, 2],
				"uv": [48, 52]
			}]
		}, {
			"name": "BustFront",
			"parent": "root",
			"pivot": [0, 19, -3],
			"cubes": [{
				"origin": [-3, 17.6, -2.9],
				"size": [6, 2, 2],
				"uv": [48, 56],
				"inflate": 0.01
			}]
		}, {
			"name": "BustBottom",
			"parent": "root",
			"pivot": [0, 20.8, -2.1],
			"rotation": [-25, 0, 0],
			"cubes": [{
				"origin": [-3, 17.5, -1.5],
				"size": [6, 2, 2],
				"uv": [48, 60]
			}]
		}, {
			"name": "Body2",
			"parent": "root",
			"pivot": [0, 18, 0],
			"cubes": [{
				"origin": [-3, 12, -1.5],
				"size": [6, 6, 3],
				"uv": [0, 55]
			}]
		}, {
			"name": "Skirt1",
			"parent": "root",
			"pivot": [0, 12, 0],
			"cubes": [{
				"origin": [-3.5, 9, -2],
				"size": [7, 4, 4],
				"uv": [42, 30]
			}]
		}, {
			"name": "RightLeg",
			"parent": "root",
			"pivot": [-2, 12, 0],
			"cubes": [{
				"origin": [-3.5, 0, -1.5],
				"size": [3, 12, 3],
				"uv": [52, 0]
			}]
		}, {
			"name": "LeftLeg",
			"parent": "root",
			"pivot": [2, 12, 0],
			"cubes": [{
				"origin": [0.5, 0, -1.5],
				"size": [3, 12, 3],
				"uv": [52, 15]
			}]
		}]
	}
}