{
	"format_version": "1.8.0",
	"geometry.cm.skeleton": {
		"texturewidth": 64,
		"textureheight": 64,
		"visible_bounds_width": 2,
		"visible_bounds_height": 3,
		"visible_bounds_offset": [0, 0, 0],
		"bones": [
			{
				"name": "waist",
				"pivot": [0, 12, 0]
			},
			{
				"name": "head",
				"parent": "waist",
				"pivot": [0, 24, 0],
				"cubes": [
					{"origin": [-3.5, 24, -3], "size": [7, 6, 6], "uv": [0, 0]},
					{"origin": [-4, 23, -3.5], "size": [8, 7, 7], "uv": [0, 12]},
					{"origin": [-4, 30, -3.5], "size": [8, 3, 7], "uv": [0, 26]},
					{"origin": [-3.5, 33, -3], "size": [7, 1, 6], "uv": [38, 37]}
				]
			},
			{
				"name": "head1",
				"parent": "head",
				"pivot": [2, 24, 2],
				"rotation": [10, 0, -10],
				"cubes": [
					{"origin": [1, 15, 2], "size": [2, 10, 1], "uv": [18, 36]}
				]
			},
			{
				"name": "head2",
				"parent": "head",
				"pivot": [-2, 24, 2],
				"rotation": [10, 0, 10],
				"cubes": [
					{"origin": [-3, 15, 2], "size": [2, 10, 1], "uv": [18, 36]}
				]
			},
			{
				"name": "body",
				"parent": "waist",
				"pivot": [0, 14, 0],
				"cubes": [
					{"origin": [-1.5, 23, -1.5], "size": [3, 2, 3], "uv": [52, 47]},
					{"origin": [-3.5, 18, -1.5], "size": [7, 5, 3], "uv": [0, 47]},
					{"origin": [-3, 12, -1.5], "size": [6, 6, 3], "uv": [0, 55]},
					{"origin": [-3.5, 11, -2], "size": [7, 3, 4], "uv": [42, 30]},
					{"origin": [-3, 19, -2.5], "size": [6, 2, 2], "uv": [48, 56]}
				]
			},
			{
				"name": "breast1",
				"parent": "body",
				"pivot": [0, 21, -1.5],
				"rotation": [-45, 0, 0],
				"cubes": [
					{"origin": [-3, 20.3, -2.2], "size": [6, 2, 2], "uv": [48, 52]}
				]
			},
			{
				"name": "breast2",
				"parent": "body",
				"pivot": [0, 19, -1.5],
				"rotation": [-45, 0, 0],
				"cubes": [
					{"origin": [-3, 18.3, -2.2], "size": [6, 2, 2], "uv": [48, 60]}
				]
			},
			{
				"name": "leftarm",
				"parent": "waist",
				"pivot": [4.5, 22, 0],
				"mirror": true,
				"cubes": [
					{"origin": [3.5, 11, -1], "size": [2, 12, 2], "uv": [36, 0]}
				]
			},
			{
				"name": "leftitem",
				"parent": "leftarm",
				"pivot": [6, 15, 1]
			},
			{
				"name": "rightarm",
				"parent": "waist",
				"pivot": [-4.5, 22, 0],
				"cubes": [
					{"origin": [-5.5, 11, -1], "size": [2, 12, 2], "uv": [36, 0]}
				]
			},
			{
				"name": "rightitem",
				"parent": "rightarm",
				"pivot": [-6, 15, 1]
			},
			{
				"name": "leftleg",
				"parent": "waist",
				"pivot": [2, 11, 0],
				"mirror": true,
				"cubes": [
					{"origin": [0.5, 0, -1.5], "size": [3, 11, 3], "uv": [52, 0]}
				]
			},
			{
				"name": "rightleg",
				"parent": "waist",
				"pivot": [-2, 11, 0],
				"cubes": [
					{"origin": [-3.5, 0, -1.5], "size": [3, 11, 3], "uv": [52, 0]}
				]
			}
		]
	}
}