{
  "format_version": "1.8.0",
  "minecraft:client_entity": {
    "description": {
      "identifier": "minecraft:silverfish",
      "materials": {
        "default": "silverfish",
        "body_layer": "silverfish_layers"
      },
      "textures": {
        "default": "textures/cm/entity/silverfish"
      },
      "geometry": {
        "default": "geometry.cm.silverfish"
      },
      "animations": {
        "look_at_target": "animation.common.look_at_target",
        "walk": "animation.cm.walk",
        "bob": "animation.cm.bob",
        "jump": "animation.cm.jump.dwalk",
        "riding": "animation.cm.riding"
      },
      "animation_controllers": [
        { "look_at_target": "controller.animation.cm.look_at_target" },
        { "move": "controller.animation.cm.move.jump" },
        { "riding": "controller.animation.cm.riding" }
      ],
      "render_controllers": [ "controller.render.silverfish" ],
      "spawn_egg": {
        "texture": "spawn_egg",
        "texture_index": 8
      }
    }
  }
}