{
  "format_version": "1.8.0",
  "render_controllers": {
    "controller.render.alphaae.villager_v2_base": {
      "arrays": {
        "textures": {
          "Array.skins": [
            "Texture.base",
            "Texture.base2",
            "Texture.base3",
            "Texture.base4",
            "Texture.base5",
            "Texture.base6"
          ]
        }
      },
      "geometry": "Geometry.default",
      "materials": [
        { "*": "Material.default" }
      ],
      "textures": [
        "Array.skins[query.skin_id]"
      ]
    }
  }
}
