{
	"format_version" : "1.8.0",
	"animations" : {
		"animation.cm.guardian.move_eye" : {
			"loop" : true,
			"bones" : {
				"eye" : {
					"position" : [ "query.eye_target_x_rotation - this", "24 + query.eye_target_y_rotation - this", "-8.25 - this" ]
				}
			}
		},
		"animation.cm.guardian.swim" : {
			"loop" : true,
			"bones" : {
				"tail0" : {
					"rotation" : [ 0.0, "variable.tail_base_angle * 11.6 - this", 0.0 ]
				},
				"tail1" : {
					"rotation" : [ 0.0, "variable.tail_base_angle * 22.8 - this", 0.0 ]
				},
				"tail2" : {
					"rotation" : [ 0.0, "variable.tail_base_angle * 34.4 - this", 0.0 ]
				}
			}
		},
		"animation.cm.guardian.move" : {
			"bones" : {
				"rightArm" : {
					"rotation" : [ "(math.sin(query.life_time * 360.0 + 0) * 11.5 + 23) * 0.8", 0.0, 15.0 ]
				},
				"leftArm" : {
					"rotation" : [ "(math.sin(query.life_time * 360.0 + 0) * 11.5 + 23) * 0.8", 0.0, -15.0 ]
				},
				"rightLeg" : {
					"rotation" : [ "(math.sin(query.life_time * 360.0 + 0) * 11.5 + 23) * 0.8 * 0.3", 0.0, 0.0 ]
				},
				"leftLeg" : {
					"rotation" : [ "(math.sin(query.life_time * 360.0 + 0) * 11.5 + 23) * 0.8 * 0.3", 0.0, 0.0 ]
				},
				"skirt0" : {
					"rotation" : [ "(math.sin(query.life_time * 360.0 + 0) * 11.5 + 23) * 0.8 * 0.5", 0.0, 0.0 ]
				},
				"skirt1" : {
					"rotation" : [ "(math.sin(query.life_time * 360.0 + 0) * 11.5 + 23) * 0.8 * 0.5", 0.0, 0.0 ]
				}
			},
			"loop" : true
		}
	}
}
