{
	"format_version" : "1.8.0",
	"animations" : {
		"animation.cm.iron_golem.attack" : {
			"loop" : true,
			"bones" : {
				"leftArm" : {
					"rotation" : [ "-114 + ((1.5 * math.abs(math.mod(variable.attack_animation_tick - query.frame_alpha, 10) - 5) - 2.5) / 5) * 57.3", 0.0, 0.0 ]
				},
				"rightArm" : {
					"rotation" : [ "-114 + ((1.5 * math.abs(math.mod(variable.attack_animation_tick - query.frame_alpha, 10) - 5) - 2.5) / 5) * 57.3", 0.0, 0.0 ]
				}
			}
		},
		"animation.cm.iron_golem.flower" : {
			"loop" : true,
			"bones" : {
				"rightArm" : {
					"rotation" : [ "-45.8 + ((0.25 * math.abs(math.mod(variable.offer_flower_tick, 70) - 35) - 17.5) / 35)", 0.0, 0.0 ]
				}
			}
		},
		"animation.cm.iron_golem.walk": {
			"loop": true,
			"anim_time_update": "query.modified_distance_moved",
			"bones": {
				"rightLeg": {
					"rotation" : [ "(math.cos(query.anim_time * 20.17) * 40.0) - this", "-this", 0.0 ]
				},
				"leftLeg": {
					"rotation" : [ "(math.cos(query.anim_time * 20.17 + 180) * 40.0) - this", "-this", 0.0 ]
				},
				"rightArm": {
					"rotation" : [ "(math.cos(query.anim_time * 20.17 + 180) * 40.0) - this", "-this", 0.0 ]
				},
				"leftArm": {
					"rotation" : [ "(math.cos(query.anim_time * 20.17) * 40.0) - this", "-this", 0.0 ]
				}
			}
		}

	}
}
