{
	"format_version": "1.10.0",
	"geometry.enderling.snareling": {
		"texturewidth": 72,
		"textureheight": 64,
		"visible_bounds_width": 3,
		"visible_bounds_height": 4,
		"visible_bounds_offset": [0, 2, 0],
		"bones": [
			{
				"name": "world",
				"pivot": [0, 0, 0]
			},
			{
				"name": "root",
				"parent": "world",
				"pivot": [0, 0, 0]
			},
			{
				"name": "body",
				"parent": "root",
				"pivot": [0, 32, 0],
				"reset": true
			},
			{
				"name": "torso",
				"parent": "body",
				"pivot": [0, 24, 0],
				"cubes": [
					{"origin": [-5.5, 24, -4], "size": [11, 12, 8], "uv": [0, 15]},
					{"origin": [-5.5, 24, -4.25], "size": [11, 12, 8], "uv": [0, 35], "inflate": -0.25}
				]
			},
			{
				"name": "mouthUpper",
				"parent": "torso",
				"pivot": [0, 33, -4],
				"cubes": [
					{"origin": [-4.5, 30, -4], "size": [9, 3, 0], "uv": [0, 55]}
				]
			},
			{
				"name": "mouthLower",
				"parent": "torso",
				"pivot": [0, 27, -4],
				"cubes": [
					{"origin": [-4.5, 27, -4], "size": [9, 3, 0], "uv": [0, 58]}
				]
			},
			{
				"name": "bug",
				"parent": "torso",
				"pivot": [0, 30, 4],
				"cubes": [
					{"origin": [-4.5, 26, 4], "size": [9, 9, 5], "uv": [38, 41]}
				]
			},
			{
				"name": "rightArm",
				"parent": "torso",
				"pivot": [-6.5, 35.5, 0],
				"reset": true,
				"cubes": [
					{"origin": [-7.5, 0, -1], "size": [2, 36, 2], "uv": [46, 0]}
				]
			},
			{
				"name": "rightHand",
				"parent": "rightArm",
				"pivot": [-6.5, 1, 1],
				"rotation": [90, 0, 0],
				"cubes": [
					{"origin": [-7.5, -11, 0], "size": [2, 12, 2], "uv": [54, 0]}
				]
			},
			{
				"name": "leftArm",
				"parent": "torso",
				"pivot": [6.5, 35.5, 0],
				"reset": true,
				"mirror": true,
				"cubes": [
					{"origin": [5.5, 0, -1], "size": [2, 36, 2], "uv": [46, 0]}
				]
			},
			{
				"name": "leftHand",
				"parent": "leftArm",
				"pivot": [6.5, 1, 1],
				"rotation": [90, 0, 0],
				"mirror": true,
				"cubes": [
					{"origin": [5.5, -11, 0], "size": [2, 12, 2], "uv": [54, 0]}
				]
			},
			{
				"name": "head",
				"parent": "torso",
				"pivot": [0, 36, 0],
				"cubes": [
					{"origin": [-4.5, 36, -3], "size": [9, 7, 7], "uv": [0, 0]}
				]
			},
			{
				"name": "rightLeg",
				"parent": "body",
				"pivot": [-2.5, 24, 0],
				"reset": true,
				"cubes": [
					{"origin": [-3.5, 0, -1], "size": [2, 24, 2], "uv": [38, 0]}
				]
			},
			{
				"name": "leftLeg",
				"parent": "body",
				"pivot": [2.5, 24, 0],
				"reset": true,
				"mirror": true,
				"cubes": [
					{"origin": [1.5, 0, -1], "size": [2, 24, 2], "uv": [38, 0]}
				]
			}
		]
	}
}