{
	"format_version": "1.12.0",
	"minecraft:geometry": [
		{
			"description": {
				"identifier": "geometry.whisperer",
				"texture_width": 128,
				"texture_height": 128,
				"visible_bounds_width": 3,
				"visible_bounds_height": 4,
				"visible_bounds_offset": [0, 2, 0]
			},
			"bones": [
				{
					"name": "root",
					"pivot": [0, 12, 0]
				},
				{
					"name": "pelvis",
					"parent": "root",
					"pivot": [0, 14, 0],
					"cubes": [
						{"origin": [-4.5, 14, -2], "size": [9, 14, 4], "uv": [0, 37]},
						{"origin": [-3.5, 14, -1], "size": [7, 14, 2], "uv": [0, 0]}
					]
				},
				{
					"name": "r_arm",
					"parent": "pelvis",
					"pivot": [-7, 26, 0],
					"cubes": [
						{"origin": [-9.5, 14, 2], "size": [4, 13, 0], "uv": [28, 68]},
						{"origin": [-9.5, 14, -2], "size": [4, 13, 0], "uv": [20, 68]},
						{"origin": [-5.5, 14, -3], "size": [0, 13, 6], "uv": [12, 49]},
						{"origin": [-8.5, 14, -3], "size": [0, 13, 6], "uv": [0, 49]},
						{"origin": [-9.5, 26, -3], "size": [5, 0, 6], "uv": [60, 17]},
						{"origin": [-9.5, 15, -3], "size": [5, 0, 6], "uv": [58, 36]}
					]
				},
				{
					"name": "r_elbow",
					"parent": "r_arm",
					"pivot": [-7, 15, 0.5],
					"cubes": [
						{"origin": [-9.5, 3, 2], "size": [5, 11, 0], "uv": [10, 68]},
						{"origin": [-9.5, 3, -2], "size": [5, 11, 0], "uv": [0, 68]},
						{"origin": [-5.5, 3, -3], "size": [0, 11, 6], "uv": [57, 0]},
						{"origin": [-8.5, 3, -3], "size": [0, 11, 6], "uv": [54, 36]},
						{"origin": [-9.5, 13, -3], "size": [5, 0, 6], "uv": [58, 30]},
						{"origin": [-9.5, 4, -3], "size": [5, 0, 6], "uv": [58, 58]}
					]
				},
				{
					"name": "l_arm",
					"parent": "pelvis",
					"pivot": [7, 26, 0],
					"cubes": [
						{"origin": [5.5, 14, 2], "size": [4, 13, 0], "uv": [70, 70]},
						{"origin": [5.5, 14, -2], "size": [4, 13, 0], "uv": [69, 0]},
						{"origin": [8.5, 14, -3], "size": [0, 13, 6], "uv": [36, 54]},
						{"origin": [5.5, 14, -3], "size": [0, 13, 6], "uv": [24, 49]},
						{"origin": [4.5, 26, -3], "size": [5, 0, 6], "uv": [60, 42]},
						{"origin": [4.5, 15, -3], "size": [5, 0, 6], "uv": [60, 23]}
					]
				},
				{
					"name": "l_elbow",
					"parent": "l_arm",
					"pivot": [7, 15, 0.5],
					"cubes": [
						{"origin": [4.5, 3, 2], "size": [5, 11, 0], "uv": [60, 64]},
						{"origin": [4.5, 3, -2], "size": [5, 11, 0], "uv": [0, 16]},
						{"origin": [8.5, 3, -3], "size": [0, 11, 6], "uv": [54, 13]},
						{"origin": [5.5, 3, -3], "size": [0, 11, 6], "uv": [48, 54]},
						{"origin": [4.5, 13, -3], "size": [5, 0, 6], "uv": [48, 53]},
						{"origin": [4.5, 4, -3], "size": [5, 0, 6], "uv": [51, 0]}
					]
				},
				{
					"name": "neck",
					"parent": "pelvis",
					"pivot": [0, 28, 0],
					"cubes": [
						{"origin": [-5.5, 28, -6], "size": [11, 8, 10], "uv": [0, 110]},
						{"origin": [-5.5, 29, -6], "size": [11, 0, 10], "uv": [22, 19]},
						{"origin": [-9.5, 27, -9], "size": [19, 0, 19], "uv": [0, 0]}
					]
				},
				{
					"name": "headTop",
					"parent": "neck",
					"pivot": [0, 30, 4],
					"cubes": [
						{"origin": [-5.5, 28, -6], "size": [11, 8, 10], "uv": [0, 19]},
						{"origin": [-2.5, 36, -3], "size": [5, 5, 0], "pivot": [0, 36, -3], "rotation": [-30, 0, 0], "uv": [66, 48]},
						{"origin": [-2.5, 36, 1], "size": [5, 5, 0], "pivot": [0, 36, 1], "rotation": [30, 0, 0], "uv": [64, 53]},
						{"origin": [-2.5, 36, -3], "size": [0, 5, 4], "pivot": [-2.5, 36, -1], "rotation": [0, 0, 30], "uv": [47, 72]},
						{"origin": [2.5, 36, -3], "size": [0, 5, 4], "pivot": [2.5, 36, -1], "rotation": [0, 0, -30], "uv": [55, 77]},
						{"origin": [-5.5, 34, -6], "size": [11, 0, 10], "uv": [32, 32]}
					]
				},
				{
					"name": "r_leg",
					"parent": "root",
					"pivot": [-2, 14, 0],
					"cubes": [
						{"origin": [-3.5, 0, -2], "size": [3, 14, 4], "uv": [26, 37]},
						{"origin": [-3.5, -0.425, -2], "size": [3, 1.425, 0], "pivot": [-2, 1, -2], "rotation": [-45, 0, 0], "uv": [22, 38]},
						{"origin": [-3.5, -0.425, 2], "size": [3, 1.425, 0], "pivot": [-2, 1, 2], "rotation": [45, 0, 0], "uv": [36, 37]},
						{"origin": [-3.5, -0.425, -2], "size": [0, 1.425, 4], "pivot": [-3.5, 1, 0], "rotation": [0, 0, 45], "uv": [0, 23]},
						{"origin": [-0.5, -0.425, -2], "size": [0, 1.425, 4], "pivot": [-0.5, 1, 0], "rotation": [0, 0, -46], "uv": [10, 14]}
					]
				},
				{
					"name": "l_leg",
					"parent": "root",
					"pivot": [2, 14, 0],
					"cubes": [
						{"origin": [0.5, 0, -2], "size": [3, 14, 4], "uv": [40, 42]},
						{"origin": [0.5, -0.425, -2], "size": [3, 1.425, 0], "pivot": [2, 1, -2], "rotation": [-45, 0, 0], "uv": [22, 37]},
						{"origin": [0.5, -0.425, 2], "size": [3, 1.425, 0], "pivot": [2, 1, 2], "rotation": [45, 0, 0], "uv": [0, 28]},
						{"origin": [0.5, -0.425, -2], "size": [0, 1.425, 4], "pivot": [0.5, 1, 0], "rotation": [0, 0, 45], "uv": [10, 13]},
						{"origin": [3.5, -0.425, -2], "size": [0, 1.425, 4], "pivot": [3.5, 1, 0], "rotation": [0, 0, -46], "uv": [10, 12]}
					]
				}
			]
		}
	]
}