{
  "format_version": "1.8.0",
  "geometry.bone_spider": {
    "visible_bounds_width": 2,
    "visible_bounds_height": 1,
    "visible_bounds_offset": [ 0, 0.5, 0 ],
    "texturewidth": 64,
    "textureheight": 32,

    "bones": [
      {
        "name": "world",
        "pivot": [ 0, 0, 0 ],
        "rotation": [ 0, 0, 0 ]
      },
      {
        "name": "root",
        "parent": "world",
        "pivot": [ 0, 0, 0 ],
        "rotation": [ 0, 0, 0 ]
      },
      {
        "name": "head",
        "pivot": [ 0.0, 9.0, -3.0 ],
        "cubes": [
          {
            "origin": [ -4.0, 5.0, -11.0 ],
            "size": [ 8, 8, 8 ],
            "uv": [ 32, 4 ]
          }
        ],
        "parent": "body0"
      },

      {
        "name": "body0",
        "parent": "root",
        "pivot": [ 0.0, 9.0, 0.0 ],
        "cubes": [
          {
            "origin": [ -3.0, 6.0, -3.0 ],
            "size": [ 6, 6, 6 ],
            "uv": [ 0, 0 ]
          }
        ]
      },

      {
        "name": "body1",
        "pivot": [ 0.0, 9.0, 9.0 ],
        "cubes": [
          {
            "origin": [ -5.0, 5.0, 3.0 ],
            "size": [ 10, 8, 12 ],
            "uv": [ 0, 12 ]
          }
        ],
        "parent": "body0"
      },

      {
        "name": "leg0",
        "pivot": [ -4.0, 9.0, 2.0 ],
        "cubes": [
          {
            "origin": [ -19.0, 8.0, 1.0 ],
            "size": [ 16, 2, 2 ],
            "uv": [ 18, 0 ]
          }
        ],
        "parent": "body0"
      },

      {
        "name": "leg1",
        "pivot": [ 4.0, 9.0, 2.0 ],
        "cubes": [
          {
            "origin": [ 3.0, 8.0, 1.0 ],
            "size": [ 16, 2, 2 ],
            "uv": [ 18, 0 ]
          }
        ],
        "parent": "body0"
      },

      {
        "name": "leg2",
        "pivot": [ -4.0, 9.0, 1.0 ],
        "cubes": [
          {
            "origin": [ -19.0, 8.0, 0.0 ],
            "size": [ 16, 2, 2 ],
            "uv": [ 18, 0 ]
          }
        ],
        "parent": "body0"
      },

      {
        "name": "leg3",
        "pivot": [ 4.0, 9.0, 1.0 ],
        "cubes": [
          {
            "origin": [ 3.0, 8.0, 0.0 ],
            "size": [ 16, 2, 2 ],
            "uv": [ 18, 0 ]
          }
        ],
        "parent": "body0"
      },

      {
        "name": "leg4",
        "pivot": [ -4.0, 9.0, 0.0 ],
        "cubes": [
          {
            "origin": [ -19.0, 8.0, -1.0 ],
            "size": [ 16, 2, 2 ],
            "uv": [ 18, 0 ]
          }
        ],
        "parent": "body0"
      },

      {
        "name": "leg5",
        "pivot": [ 4.0, 9.0, 0.0 ],
        "cubes": [
          {
            "origin": [ 3.0, 8.0, -1.0 ],
            "size": [ 16, 2, 2 ],
            "uv": [ 18, 0 ]
          }
        ],
        "parent": "body0"
      },

      {
        "name": "leg6",
        "pivot": [ -4.0, 9.0, -1.0 ],
        "cubes": [
          {
            "origin": [ -19.0, 8.0, -2.0 ],
            "size": [ 16, 2, 2 ],
            "uv": [ 18, 0 ]
          }
        ],
        "parent": "body0"
      },

      {
        "name": "leg7",
        "pivot": [ 4.0, 9.0, -1.0 ],
        "cubes": [
          {
            "origin": [ 3.0, 8.0, -2.0 ],
            "size": [ 16, 2, 2 ],
            "uv": [ 18, 0 ]
          }
        ],
        "parent": "body0"
      }
    ]
  }
}