{
	"format_version": "1.10.0",
	"geometry.fancy_chicken": {
		"texturewidth": 64,
		"textureheight": 32,
		"visible_bounds_width": 3,
		"visible_bounds_height": 2.25,
		"visible_bounds_offset": [0, 0.875, 0],
		"bones": [
			{
				"name": "world",
				"pivot": [0, 0, 0]
			},
			{
				"name": "root",
				"parent": "world",
				"pivot": [0, 0, 0]
			},
			{
				"name": "body",
				"parent": "root",
				"pivot": [0, 10, 0],
        "bind_pose_rotation": [ 90.0, 0.0, 0.0 ],
				"cubes": [
					{"origin": [-3, 6, -3], "size": [6, 8, 6], "uv": [0, 9]}
				]
			},
			{
				"name": "head",
				"parent": "body",
				"pivot": [0, 11, -4],
				"cubes": [
					{"origin": [-2, 11, -6], "size": [4, 6, 3], "uv": [0, 0]}
				],
				"locators": {
					"lead": [0, 11, -4]
				}
			},
			{
				"name": "comb",
				"parent": "head",
				"pivot": [0, 13, -7],
				"cubes": [
					{"origin": [-1, 11, -7], "size": [2, 2, 2], "uv": [14, 4]}
				]
			},
			{
				"name": "beak",
				"parent": "head",
				"pivot": [0, 11, -4],
				"cubes": [
					{"origin": [-2, 13, -8], "size": [4, 2, 2], "uv": [14, 0]}
				]
			},
			{
				"name": "crown",
				"parent": "head",
				"pivot": [0, 17, -4],
				"cubes": [
					{"origin": [0, 16, -7], "size": [0, 5, 5], "uv": [18, 5]}
				]
			},
			{
				"name": "tail",
				"parent": "body",
				"pivot": [0, 12, 4],
				"cubes": [
					{"origin": [0, 11, 4], "size": [0, 10, 7], "uv": [38, 3]}
				]
			},
			{
				"name": "wing0",
				"parent": "body",
				"pivot": [-3, 13, 0],
				"cubes": [
					{"origin": [-4, 9, -3], "size": [1, 4, 6], "uv": [24, 13]}
				]
			},
			{
				"name": "wing1",
				"parent": "body",
				"pivot": [3, 13, 0],
				"cubes": [
					{"origin": [3, 9, -3], "size": [1, 4, 6], "uv": [24, 13]}
				]
			},
			{
				"name": "leg0",
				"parent": "body",
				"pivot": [-2, 7, 1],
				"cubes": [
					{"origin": [-3, 0, -2], "size": [3, 7, 3], "uv": [26, 0]}
				]
			},
			{
				"name": "leg1",
				"parent": "body",
				"pivot": [1, 7, 1],
				"cubes": [
					{"origin": [0, 0, -2], "size": [3, 7, 3], "uv": [26, 0]}
				]
			}
		]
	}
}