{
	"format_version": "1.10.0",
	"geometry.jolly_llama": {
		"texturewidth": 128,
		"textureheight": 64,
		"visible_bounds_width": 3,
		"visible_bounds_height": 4.25,
		"visible_bounds_offset": [0, 1.875, 0],
		"bones": [
			{
				"name": "world",
				"pivot": [0, 0, 0]
			},
			{
				"name": "root",
				"parent": "world",
				"pivot": [0, 0, 0]
			},
			{
				"name": "head",
				"parent": "root",
				"pivot": [0, 17, -6],
				"cubes": [
					{"origin": [-2, 27, -16], "size": [4, 4, 9], "uv": [0, 0]},
					{"origin": [-4, 15, -12], "size": [8, 18, 6], "uv": [0, 14]},
					{"origin": [-2.5, 26.5, -15.5], "size": [5, 5, 9], "uv": [32, 47]},
					{"origin": [-4.5, 20.5, -12.5], "size": [9, 13, 7], "uv": [0, 40]}
				],
				"locators": {
					"lead": [0, 18, -11]
				}
			},
			{
				"name": "antler_0",
				"parent": "head",
				"pivot": [-4.5, 31.5, -8.5],
				"cubes": [
					{"origin": [-11.5, 31.5, -8.5], "size": [7, 16, 1], "uv": [60, 47], "mirror": true}
				]
			},
			{
				"name": "antler_1",
				"parent": "head",
				"pivot": [4.5, 31.5, -8.5],
				"cubes": [
					{"origin": [4.5, 31.5, -8.5], "size": [7, 16, 1], "uv": [60, 47]}
				]
			},
			{
				"name": "ear_0",
				"parent": "head",
				"pivot": [-2.5, 33, -8.5],
				"cubes": [
					{"origin": [-4, 33, -10], "size": [3, 3, 2], "uv": [30, 0]}
				]
			},
			{
				"name": "ear_1",
				"parent": "head",
				"pivot": [2.5, 33, -8.5],
				"cubes": [
					{"origin": [1, 33, -10], "size": [3, 3, 2], "uv": [17, 0]}
				]
			},
			{
				"name": "body",
				"parent": "root",
				"pivot": [0, 19, 2],
				"rotation": [90, 0, 0],
				"cubes": [
					{"origin": [-6, 11, -5], "size": [12, 18, 10], "uv": [29, 0]},
					{"origin": [-6.5, 13, -3.5], "size": [13, 11, 9], "uv": [73, 0]}
				]
			},
			{
				"name": "leg0",
				"parent": "root",
				"pivot": [-3.5, 14, 6],
				"cubes": [
					{"origin": [-5.5, 0, 4], "size": [4, 14, 4], "uv": [61, 29]}
				]
			},
			{
				"name": "leg1",
				"parent": "root",
				"pivot": [3.5, 14, 6],
				"cubes": [
					{"origin": [1.5, 0, 4], "size": [4, 14, 4], "uv": [77, 29]}
				]
			},
			{
				"name": "leg2",
				"parent": "root",
				"pivot": [-3.5, 14, -5],
				"cubes": [
					{"origin": [-5.5, 0, -7], "size": [4, 14, 4], "uv": [45, 29]}
				]
			},
			{
				"name": "leg3",
				"parent": "root",
				"pivot": [3.5, 14, -5],
				"cubes": [
					{"origin": [1.5, 0, -7], "size": [4, 14, 4], "uv": [29, 29]}
				]
			}
		]
	}
}