{
  "format_version": "1.8.0",
  "geometry.wooly_cow.v1.8": {
    "visible_bounds_width": 2,
    "visible_bounds_height": 1.75,
    "visible_bounds_offset": [ 0, 0.75, 0 ],
    "texturewidth": 64,
    "textureheight": 64,
    "bones": [
      {
        "name": "body",
        "pivot": [ 0.0, 19.0, 2.0 ],
        "bind_pose_rotation": [ 90.0, 0.0, 0.0 ],
        "cubes": [
          {
            "origin": [ -6, 11, -5 ],
            "size": [ 12, 18, 10 ],
            "uv": [ 18, 4 ]
          },
          {
            "origin": [ -5.5, 12, -5 ],
            "size": [ 11, 17, 10 ],
            "uv": [ 20, 34 ]
          },
          {
            "origin": [ -5, 28, -8 ],
            "size": [ 10, 1, 3 ],
            "uv": [ 0, 32 ]
          },
          {
            "origin": [ -5, 11, -8 ],
            "size": [ 10, 1, 3 ],
            "uv": [ 0, 36 ]
          },
          {
            "origin": [ -6, 11, -9 ],
            "size": [ 1, 18, 4 ],
            "uv": [ 0, 40 ]
          },
          {
            "origin": [ 5, 11, -9 ],
            "size": [ 1, 18, 4 ],
            "uv": [ 10, 40 ]
          }
        ]
      },
      {
        "name": "head",
        "parent": "body",
        "pivot": [ 0.0, 20.0, -8.0 ],
        "locators": {
          "lead": [ 0.0, 20.0, -8.0 ]
        },
        "cubes": [
          {
            "origin": [ -4.0, 16.0, -14.0 ],
            "size": [ 8, 8, 6 ],
            "uv": [ 0, 0 ]
          },
          {
            "origin": [ -5.0, 22.0, -12.0 ],
            "size": [ 1, 3, 1 ],
            "uv": [ 22, 0 ]
          },
          {
            "origin": [ 4.0, 22.0, -12.0 ],
            "size": [ 1, 3, 1 ],
            "uv": [ 22, 0 ]
          }
        ]
      },
      {
        "name": "leg0",
        "parent": "body",
        "pivot": [ -3.5, 12.0, 7.0 ],
        "cubes": [
          {
            "origin": [ -5.5, 0.0, 5.0 ],
            "size": [ 4, 12, 4 ],
            "uv": [ 0, 16 ]
          }
        ]
      },
      {
        "name": "leg1",
        "parent": "body",
        "pivot": [ 3.5, 12.0, 7.0 ],
        "mirror": true,
        "cubes": [
          {
            "origin": [ 1.5, 0.0, 5.0 ],
            "size": [ 4, 12, 4 ],
            "uv": [ 0, 16 ]
          }
        ]
      },
      {
        "name": "leg2",
        "parent": "body",
        "pivot": [ -3.5, 12.0, -6.0 ],
        "cubes": [
          {
            "origin": [ -5.5, 0.0, -7.0 ],
            "size": [ 4, 12, 4 ],
            "uv": [ 0, 16 ]
          }
        ]
      },
      {
        "name": "leg3",
        "parent": "body",
        "pivot": [ 3.5, 12.0, -6.0 ],
        "mirror": true,
        "cubes": [
          {
            "origin": [ 1.5, 0.0, -7.0 ],
            "size": [ 4, 12, 4 ],
            "uv": [ 0, 16 ]
          }
        ]
      }
    ]
  }
}
