{
	"format_version": "1.8.0",
	"geometry.cmm.wandermaid.v1.8": {
		"texturewidth": 64,
		"textureheight": 64,
		"visible_bounds_width": 2,
		"visible_bounds_height": 2,
		"visible_bounds_offset": [0, 1, 0],
		"bones": [{
			"name": "root",
			"pivot": [0, 21, 0],
			"neverRender": true
		}, {
			"name": "HTop",
			"parent": "Hair",
			"pivot": [0, 21, 0],
			"cubes": [{
				"origin": [-3.5, 28, -3],
				"size": [7, 1, 6],
				"uv": [0, 29]
			}]
		}, {
			"name": "Hair",
			"parent": "Head",
			"pivot": [0, 21, 0],
			"cubes": [{
				"origin": [-4, 19, -3.5],
				"size": [8, 9, 7],
				"uv": [0, 13]
			}]
		}, {
			"name": "Head",
			"parent": "Body",
			"pivot": [0, 21, 0],
			"cubes": [{
				"origin": [-3.5, 21, -3],
				"size": [7, 7, 6],
				"uv": [0, 0]
			}]
		}, {
			"name": "Neck",
			"parent": "Body",
			"pivot": [0, 12, 0],
			"cubes": [{
				"origin": [-1.5, 20, -1.5],
				"size": [3, 2, 3],
				"uv": [20, 36]
			}]
		}, {
			"name": "Body",
			"parent": "waist",
			"pivot": [0, 21, 0],
			"cubes": [{
				"origin": [-3.5, 15, -1.5],
				"size": [7, 5, 3],
				"uv": [0, 36]
			}]
		}, {
			"name": "waist",
			"parent": "root",
			"pivot": [ 0, 9, 0 ],
			"neverRender": true
		}, {
			"name": "RightArm",
			"parent": "Body",
			"pivot": [-3.5, 19, 0],
			"cubes": [{
				"origin": [-5.5, 11, -1],
				"size": [2, 9, 2],
				"uv": [36, 0]
			}]
		}, {
			"name": "rightItem",
			"pivot": [ -4.5, 14, 1 ],
			"neverRender": true,
			"parent": "RightArm"
		}, {
			"name": "LeftArm",
			"parent": "Body",
			"pivot": [3.5, 19, 0],
			"cubes": [{
				"origin": [3.5, 11, -1],
				"size": [2, 9, 2],
				"uv": [44, 0]
			}]
		}, {
			"name": "leftItem",
			"pivot": [ 4.5, 14, 1 ],
			"neverRender": true,
			"parent": "LeftArm"
		}, {
			"name": "Body2",
			"parent": "Body",
			"pivot": [0, 12, 0],
			"cubes": [{
				"origin": [-3, 9, -1.5],
				"size": [6, 6, 3],
				"uv": [0, 44]
			}]
		}, {
			"name": "Skirt1",
			"parent": "Body2",
			"pivot": [0, 13, 0],
			"cubes": [{
				"origin": [-4, 7, -4],
				"size": [8, 6, 8],
				"uv": [32, 24]
			}]
		}, {
			"name": "LeftChest",
			"parent": "Skirt1",
			"pivot": [4, 9.5, 0],
			"cubes": [{
				"origin": [3, 7, -2.5],
				"size": [2, 5, 5],
				"uv": [50, 38]
			}]
		}, {
			"name": "RightChest",
			"parent": "Skirt1",
			"pivot": [-4, 9.5, 0],
			"cubes": [{
				"origin": [-5, 7, -2.5],
				"size": [2, 5, 5],
				"uv": [36, 38]
			}]
		}, {
			"name": "RightLeg",
			"parent": "Body2",
			"pivot": [-2, 9, 0],
			"cubes": [{
				"origin": [-3.5, 0, -1.5],
				"size": [3, 9, 3],
				"uv": [52, 0]
			}]
		}, {
			"name": "LeftLeg",
			"parent": "Body2",
			"pivot": [2, 9, 0],
			"cubes": [{
				"origin": [0.5, 0, -1.5],
				"size": [3, 9, 3],
				"uv": [52, 12]
			}]
		}]
	}
}