{
	"format_version": "1.8.0",
	"geometry.creeder": {
		"texturewidth": 64,
		"textureheight": 32,
		"visible_bounds_width": 4,
		"visible_bounds_height": 2,
		"visible_bounds_offset": [0, 0, 0],
		"bones": [
			{
				"name": "head",
				"pivot": [0, 16, 0],
				"cubes": [
					{"origin": [-4, 19, -4], "size": [8, 8, 8], "uv": [0, 0]}
				]
			},
			{
				"name": "body",
				"pivot": [0, 3, 0],
				"cubes": [
					{"origin": [-4, 7, -2], "size": [8, 12, 4], "uv": [32, 0]}
				]
			},
			{
				"name": "leg0",
				"pivot": [-3, 6, 1],
				"rotation": [30, 35, 45],
				"mirror": true,
				"cubes": [
					{"origin": [-14.57923, 5.81516, 0.50231], "size": [11, 2, 2], "uv": [0, 16]},
					{"origin": [-15.57923, -9.18484, 0.50231], "size": [2, 17, 2], "uv": [56, 0], "inflate": 0.01}
				]
			},
			{
				"name": "leg1",
				"pivot": [3, 6, 1],
				"rotation": [30, -35, -45],
				"cubes": [
					{"origin": [3.57923, 5.81516, 0.50231], "size": [11, 2, 2], "uv": [0, 16]},
					{"origin": [13.57923, -9.18484, 0.50231], "size": [2, 17, 2], "uv": [56, 0], "inflate": 0.01}
				]
			},
			{
				"name": "leg2",
				"pivot": [-3, 7, 0],
				"rotation": [0, 0, 36],
				"mirror": true,
				"cubes": [
					{"origin": [-15, -9, -1], "size": [2, 17, 2], "uv": [56, 0], "inflate": 0.01},
					{"origin": [-14, 6, -1], "size": [11, 2, 2], "uv": [0, 16]}
				]
			},
			{
				"name": "leg3",
				"pivot": [3, 7, 0],
				"rotation": [0, 0, -34],
				"cubes": [
					{"origin": [3.40647, 6.14783, -1], "size": [11, 2, 2], "uv": [0, 16]},
					{"origin": [13.40647, -8.85217, -1], "size": [2, 17, 2], "uv": [56, 0], "inflate": 0.01}
				]
			},
			{
				"name": "leg5",
				"pivot": [3, 6, -1],
				"rotation": [-30, 35, -45],
				"cubes": [
					{"origin": [3.57923, 5.81516, -2.50231], "size": [11, 2, 2], "uv": [0, 16]},
					{"origin": [13.57923, -9.18484, -2.50231], "size": [2, 17, 2], "uv": [56, 0], "inflate": 0.01}
				]
			},
			{
				"name": "leg4",
				"pivot": [-3, 6, -2],
				"rotation": [-30, -35, 45],
				"mirror": true,
				"cubes": [
					{"origin": [-14.57923, 5.81516, -3.50231], "size": [11, 2, 2], "uv": [0, 16]},
					{"origin": [-15.57923, -9.18484, -3.50231], "size": [2, 17, 2], "uv": [56, 0], "inflate": 0.01}
				]
			}
		]
	},
	"geometry.creeder.charged": {
		"texturewidth": 64,
		"textureheight": 32,
		"visible_bounds_width": 4,
		"visible_bounds_height": 2,
		"visible_bounds_offset": [0, 1, 0],
		"bones": [
			{
				"name": "head",
				"pivot": [0, 16, 0],
				"cubes": [
					{"origin": [-4, 19, -4], "size": [8, 8, 8], "uv": [0, 0], "inflate": 2}
				]
			},
			{
				"name": "body",
				"pivot": [0, 3, 0],
				"cubes": [
					{"origin": [-4, 7, -2], "size": [8, 12, 4], "uv": [32, 0], "inflate": 2}
				]
			},
			{
				"name": "leg0",
				"pivot": [-3, 6, 1],
				"rotation": [30, 35, 45],
				"mirror": true,
				"cubes": [
					{"origin": [-14.57923, 5.81516, 0.50231], "size": [11, 2, 2], "uv": [0, 16], "inflate": 2},
					{"origin": [-15.57923, -9.18484, 0.50231], "size": [2, 17, 2], "uv": [56, 0], "inflate": 2}
				]
			},
			{
				"name": "leg1",
				"pivot": [3, 6, 1],
				"rotation": [30, -35, -45],
				"cubes": [
					{"origin": [3.57923, 5.81516, 0.50231], "size": [11, 2, 2], "uv": [0, 16], "inflate": 2},
					{"origin": [13.57923, -9.18484, 0.50231], "size": [2, 17, 2], "uv": [56, 0], "inflate": 2}
				]
			},
			{
				"name": "leg2",
				"pivot": [-3, 7, 0],
				"rotation": [0, 0, 36],
				"mirror": true,
				"cubes": [
					{"origin": [-15, -9, -1], "size": [2, 17, 2], "uv": [56, 0], "inflate": 2},
					{"origin": [-14, 6, -1], "size": [11, 2, 2], "uv": [0, 16], "inflate": 2}
				]
			},
			{
				"name": "leg3",
				"pivot": [3, 7, 0],
				"rotation": [0, 0, -34],
				"cubes": [
					{"origin": [3.40647, 6.14783, -1], "size": [11, 2, 2], "uv": [0, 16], "inflate": 2},
					{"origin": [13.40647, -8.85217, -1], "size": [2, 17, 2], "uv": [56, 0], "inflate": 2}
				]
			},
			{
				"name": "leg5",
				"pivot": [3, 6, -1],
				"rotation": [-30, 35, -45],
				"cubes": [
					{"origin": [3.57923, 5.81516, -2.50231], "size": [11, 2, 2], "uv": [0, 16], "inflate": 2},
					{"origin": [13.57923, -9.18484, -2.50231], "size": [2, 17, 2], "uv": [56, 0], "inflate": 2}
				]
			},
			{
				"name": "leg4",
				"pivot": [-3, 6, -2],
				"rotation": [-30, -35, 45],
				"mirror": true,
				"cubes": [
					{"origin": [-14.57923, 5.81516, -3.50231], "size": [11, 2, 2], "uv": [0, 16], "inflate": 2},
					{"origin": [-15.57923, -9.18484, -3.50231], "size": [2, 17, 2], "uv": [56, 0], "inflate": 2}
				]
			}
		]
	}
}