{
	"geometry.prison_golem": {
		"texturewidth": 128,
		"textureheight": 128,
		"visible_bounds_width": 3,
		"visible_bounds_height": 3,
		"visible_bounds_offset": [0, 1.5, 0],
		"bones": [
			{
				"name": "body",
				"pivot": [0, 31, 0],
				"cubes": [
					{"origin": [-9, 22, -6], "size": [18, 12, 11], "uv": [0, 40]},
					{"origin": [-4.5, 17, -3], "size": [9, 5, 6], "uv": [0, 70], "inflate": 0.5}
				]
			},
			{
				"name": "head",
				"pivot": [0, 31, -2],
				"cubes": [
					{"origin": [-4, 34, -7.5], "size": [8, 10, 8], "uv": [0, 0]},
					{"origin": [4, 36, -5.5], "size": [1, 4, 2], "uv": [0, 0]},
					{"origin": [-1, 33, -9.55], "size": [2, 4, 2], "uv": [24, 0]},
					{"origin": [-5, 36, -5.5], "size": [1, 4, 2], "uv": [0, 18]},
					{"origin": [4, 36, -5.5], "size": [1, 4, 2], "uv": [0, 0]},
					{"origin": [-5, 36, -5.5], "size": [1, 4, 2], "uv": [0, 0]}
				]
			},
			{
				"name": "arm0",
				"pivot": [0, 32, 0],
				"cubes": [
					{"origin": [-13, 4.5, -3], "size": [4, 30, 6], "uv": [60, 22]}
				]
			},
			{
				"name": "arm1",
				"pivot": [0, 31, 0],
				"cubes": [
					{"origin": [9, 4.5, -3], "size": [4, 30, 6], "uv": [60, 58]}
				]
			},
			{
				"name": "leg0",
				"pivot": [-4, 14, 0],
				"cubes": [
					{"origin": [-7.5, 0, -3], "size": [6, 17, 5], "uv": [37, 0]}
				]
			},
			{
				"name": "leg1",
				"pivot": [5, 14, 0],
				"mirror": true,
				"cubes": [
					{"origin": [1.5, 0, -3], "size": [6, 17, 5], "uv": [60, 0]}
				]
			}
		]
	}
}