{
	"format_version": "1.10.0",
	"geometry.cmm.enchanter.alt.v1.8": {
		"texturewidth": 64,
		"textureheight": 96,
		"visible_bounds_width": 2,
		"visible_bounds_height": 3,
		"visible_bounds_offset": [0, 1.5, 0],
		"bones": [
			{
				"name": "root",
				"pivot": [0, 24, 0]
			},
			{
				"name": "waist",
				"parent": "root",
				"pivot": [0, 12, 0]
			},
			{
				"name": "Body",
				"parent": "waist",
				"pivot": [0, 24, 0],
				"cubes": [
					{"origin": [-3.5, 18, -1.5], "size": [7, 5, 3], "uv": [0, 47]}
				]
			},
			{
				"name": "Head",
				"parent": "Body",
				"pivot": [0, 24, 0],
				"cubes": [
					{"origin": [-3.5, 24, -3], "size": [7, 7, 6], "uv": [0, 0]},
					{"origin": [-4, 23.8, -3.4], "size": [8, 5, 1], "uv": [34, 14], "inflate": -0.25}
				]
			},
			{
				"name": "Hair",
				"parent": "Head",
				"pivot": [0, 24, 0],
				"cubes": [
					{"origin": [-4, 18, -3.5], "size": [8, 13, 7], "uv": [0, 13]}
				]
			},
			{
				"name": "HTop",
				"parent": "Hair",
				"pivot": [0, 24, 0],
				"cubes": [
					{"origin": [-3.5, 31, -3], "size": [7, 1, 6], "uv": [38, 44]}
				]
			},
			{
				"name": "HSide",
				"parent": "Hair",
				"pivot": [0, 24, 0],
				"cubes": [
					{"origin": [-4.5, 23, -3.5], "size": [9, 5, 6], "uv": [34, 51]}
				]
			},
			{
				"name": "Neck",
				"parent": "Body",
				"pivot": [0, 24, 0],
				"cubes": [
					{"origin": [-1.5, 23, -1.5], "size": [3, 2, 3], "uv": [20, 49]}
				]
			},
			{
				"name": "RightArm",
				"parent": "Body",
				"pivot": [-3.5, 22, 0],
				"cubes": [
					{"origin": [-5.5, 11, -1], "size": [2, 12, 2], "uv": [36, 0]}
				]
			},
			{
				"name": "rightItem",
				"parent": "RightArm",
				"pivot": [-4.5, 15, 1]
			},
			{
				"name": "LeftArm",
				"parent": "Body",
				"pivot": [3.5, 22, 0],
				"cubes": [
					{"origin": [3.5, 11, -1], "size": [2, 12, 2], "uv": [44, 0]}
				]
			},
			{
				"name": "leftItem",
				"parent": "LeftArm",
				"pivot": [4.5, 15, 1]
			},
			{
				"name": "Cape",
				"parent": "Body",
				"pivot": [0, 23, 1.5],
				"rotation": [10, 0, 0],
				"cubes": [
					{"origin": [-4.5, 5, 1], "size": [9, 18, 1], "uv": [0, 64]}
				]
			},
			{
				"name": "BustTop",
				"parent": "Body",
				"pivot": [0, 22.15, -1.4],
				"rotation": [-45, 0, 0],
				"cubes": [
					{"origin": [-3, 20, -1.5], "size": [6, 2, 2], "uv": [20, 37]}
				]
			},
			{
				"name": "BustFront",
				"parent": "Body",
				"pivot": [0, 24, 0],
				"cubes": [
					{"origin": [-3, 18.7, -3], "size": [6, 2, 2], "uv": [20, 41], "inflate": 0.01}
				]
			},
			{
				"name": "BustBottom",
				"parent": "Body",
				"pivot": [0, 20.8, -2.1],
				"rotation": [-25, 0, 0],
				"cubes": [
					{"origin": [-3, 18.5, -2], "size": [6, 2, 2], "uv": [20, 45]}
				]
			},
			{
				"name": "Body2",
				"parent": "Body",
				"pivot": [0, 24, 0],
				"cubes": [
					{"origin": [-3, 12, -1.5], "size": [6, 6, 3], "uv": [0, 55]}
				]
			},
			{
				"name": "Skirt1",
				"parent": "Body2",
				"pivot": [0, 15, 0],
				"cubes": [
					{"origin": [-3.5, 4.25, -2], "size": [7, 10, 4], "uv": [42, 30], "inflate": 0.25}
				]
			},
			{
				"name": "RightLeg",
				"parent": "Body2",
				"pivot": [-2, 12, 0],
				"cubes": [
					{"origin": [-3.5, 0, -1.5], "size": [3, 12, 3], "uv": [52, 0]}
				]
			},
			{
				"name": "LeftLeg",
				"parent": "Body2",
				"pivot": [2, 12, 0],
				"cubes": [
					{"origin": [0.5, 0, -1.5], "size": [3, 12, 3], "uv": [52, 15]}
				]
			}
		]
	}
}