{
	"format_version": "1.8.0",
	"geometry.cmm.illusioner.v1.8": {
		"texturewidth": 64,
		"textureheight": 80,
		"visible_bounds_width": 2,
		"visible_bounds_height": 4.5,
		"visible_bounds_offset": [0, 0.75, 0],
		"bones": [
			{
				"name": "root",
				"pivot": [0, 24, 0]
			},
			{
				"name": "waist",
				"parent": "root",
				"pivot": [0, 12, 0]
			},
			{
				"name": "Body",
				"parent": "waist",
				"pivot": [0, 24, 0],
				"cubes": [
					{"origin": [-3.5, 18, -1.5], "size": [7, 5, 3], "uv": [0, 47]}
				]
			},
			{
				"name": "Head",
				"parent": "Body",
				"pivot": [0, 24, 0],
				"cubes": [
					{"origin": [-3.5, 24, -3], "size": [7, 7, 6], "uv": [0, 0]}
				]
			},
			{
				"name": "Hair",
				"parent": "Head",
				"pivot": [0, 24, 0],
				"cubes": [
					{"origin": [-4, 21, -3.5], "size": [8, 10, 7], "uv": [0, 13]}
				]
			},
			{
				"name": "HTop",
				"parent": "Hair",
				"pivot": [0, 24, 0],
				"cubes": [
					{"origin": [-3.5, 31, -3], "size": [7, 1, 6], "uv": [0, 30]}
				]
			},
			{
				"name": "HSide",
				"parent": "Hair",
				"pivot": [0, 24, 0],
				"cubes": [
					{"origin": [-5, 23, -3.5], "size": [10, 7, 6], "uv": [0, 64]},
					{"origin": [4, 21, -3.5], "size": [1, 2, 0], "uv": [0, 30]}
				]
			},
			{
				"name": "Neck",
				"parent": "Body",
				"pivot": [0, 24, 0],
				"cubes": [
					{"origin": [-1.5, 23, -1.5], "size": [3, 2, 3], "uv": [20, 49]}
				]
			},
			{
				"name": "RightArm",
				"parent": "Body",
				"pivot": [-3.5, 22, 0],
				"cubes": [
					{"origin": [-5.5, 11, -1], "size": [2, 12, 2], "uv": [36, 0]}
				]
			},
			{
				"name": "rightItem",
				"parent": "RightArm",
				"pivot": [-4.5, 15, 1]
			},
			{
				"name": "RightArm2",
				"parent": "RightArm",
				"pivot": [-3.5, 22, 0],
				"cubes": [
					{"origin": [-6, 11.75, -1.5], "size": [3, 5, 3], "uv": [30, 14], "inflate": -0.25}
				]
			},
			{
				"name": "LeftArm",
				"parent": "Body",
				"pivot": [3.5, 22, 0],
				"cubes": [
					{"origin": [3.5, 11, -1], "size": [2, 12, 2], "uv": [44, 0]}
				]
			},
			{
				"name": "leftItem",
				"parent": "LeftArm",
				"pivot": [4.5, 15, 1]
			},
			{
				"name": "LeftArm2",
				"parent": "LeftArm",
				"pivot": [3.5, 22, 0],
				"cubes": [
					{"origin": [3, 11.75, -1.5], "size": [3, 5, 3], "uv": [30, 22], "inflate": -0.25}
				]
			},
			{
				"name": "BustTop",
				"parent": "Body",
				"pivot": [0, 22.15, -1.4],
				"rotation": [-45, 0, 0],
				"cubes": [
					{"origin": [-3, 20, -1.5], "size": [6, 2, 2], "uv": [20, 37]}
				]
			},
			{
				"name": "BustFront",
				"parent": "Body",
				"pivot": [0, 24, 0],
				"cubes": [
					{"origin": [-3, 18.7, -3], "size": [6, 2, 2], "uv": [20, 41], "inflate": 0.01}
				]
			},
			{
				"name": "BustBottom",
				"parent": "Body",
				"pivot": [0, 20.8, -2.1],
				"rotation": [-25, 0, 0],
				"cubes": [
					{"origin": [-3, 18.5, -2], "size": [6, 2, 2], "uv": [20, 45]}
				]
			},
			{
				"name": "Body2",
				"parent": "Body",
				"pivot": [0, 24, 0],
				"cubes": [
					{"origin": [-3, 14, -1.5], "size": [6, 4, 3], "uv": [0, 55]}
				]
			},
			{
				"name": "Skirt1",
				"parent": "Body2",
				"pivot": [0, 14, 0],
				"cubes": [
					{"origin": [-3.5, 11, -1.5], "size": [7, 3, 3], "uv": [44, 30]}
				]
			},
			{
				"name": "Skirt2",
				"parent": "Body2",
				"pivot": [0, 14, 0],
				"cubes": [
					{"origin": [-3.5, 3.85, -2], "size": [7, 10, 4], "uv": [42, 36], "inflate": 0.125}
				]
			},
			{
				"name": "RightLeg",
				"parent": "Body2",
				"pivot": [-2, 12, 0],
				"cubes": [
					{"origin": [-3.5, 0, -1.5], "size": [3, 12, 3], "uv": [52, 0]}
				]
			},
			{
				"name": "LeftLeg",
				"parent": "Body2",
				"pivot": [2, 12, 0],
				"cubes": [
					{"origin": [0.5, 0, -1.5], "size": [3, 12, 3], "uv": [52, 15]}
				]
			}
		]
	}
}