{
	"format_version": "1.10.0",
	"geometry.cmm.mage.v1.8": {
		"texturewidth": 96,
		"textureheight": 64,
		"visible_bounds_width": 4,
		"visible_bounds_height": 3,
		"visible_bounds_offset": [0, 1.5, 0],
		"bones": [
			{
				"name": "root",
				"pivot": [0, 24, 0]
			},
			{
				"name": "waist",
				"parent": "root",
				"pivot": [0, 12, 0]
			},
			{
				"name": "Body",
				"parent": "waist",
				"pivot": [0, 24, 0],
				"cubes": [
					{"origin": [-3.5, 18, -1.5], "size": [7, 5, 3], "uv": [0, 47]}
				]
			},
			{
				"name": "Cape",
				"parent": "Body",
				"pivot": [0, 23, 1.5],
				"rotation": [10, 0, 0],
				"cubes": [
					{"origin": [-4.5, 5, 1], "size": [9, 18, 1], "uv": [64, 0]}
				]
			},
			{
				"name": "Head",
				"parent": "Body",
				"pivot": [0, 24, 0],
				"cubes": [
					{"origin": [-3.5, 24, -3], "size": [7, 7, 6], "uv": [0, 0]}
				]
			},
			{
				"name": "Hair",
				"parent": "Head",
				"pivot": [0, 24, 0],
				"cubes": [
					{"origin": [-4, 23, -3.5], "size": [8, 8, 7], "uv": [0, 13]}
				]
			},
			{
				"name": "HTop",
				"parent": "Hair",
				"pivot": [0, 24, 0],
				"cubes": [
					{"origin": [-3.5, 31, -3], "size": [7, 1, 6], "uv": [0, 30]}
				]
			},
			{
				"name": "HFront",
				"parent": "Hair",
				"pivot": [0, 23, -3.5],
				"cubes": [
					{"origin": [-5, 17, -3.5], "size": [10, 6, 0], "uv": [31, 22]}
				]
			},
			{
				"name": "HSide",
				"parent": "Hair",
				"pivot": [0, 24, 0],
				"cubes": [
					{"origin": [-5, 23, -3.5], "size": [10, 7, 6], "uv": [64, 19]}
				]
			},
			{
				"name": "Neck1",
				"parent": "Body",
				"pivot": [0, 24, 0],
				"cubes": [
					{"origin": [-1.5, 23, -1.5], "size": [3, 2, 3], "uv": [20, 49], "inflate": -0.001}
				]
			},
			{
				"name": "Neck2",
				"parent": "Neck1",
				"pivot": [0, 24, 0],
				"cubes": [
					{"origin": [-3.5, 23, -2.5], "size": [7, 1, 5], "uv": [28, 14]}
				]
			},
			{
				"name": "BustTop",
				"parent": "Body",
				"pivot": [0, 22.15, -1.4],
				"rotation": [-45, 0, 0],
				"cubes": [
					{"origin": [-3, 20, -1.5], "size": [6, 2, 2], "uv": [20, 37]}
				]
			},
			{
				"name": "BustFront",
				"parent": "Body",
				"pivot": [0, 24, 0],
				"cubes": [
					{"origin": [-3, 18.7, -3], "size": [6, 2, 2], "uv": [20, 41], "inflate": 0.01}
				]
			},
			{
				"name": "BustBottom",
				"parent": "Body",
				"pivot": [0, 20.8, -2.1],
				"rotation": [-25, 0, 0],
				"cubes": [
					{"origin": [-3, 18.5, -2], "size": [6, 2, 2], "uv": [20, 45]}
				]
			},
			{
				"name": "RightArm",
				"parent": "Body",
				"pivot": [-4, 22, 0],
				"cubes": [
					{"origin": [-5.5, 11, -1], "size": [2, 12, 2], "uv": [36, 0]}
				]
			},
			{
				"name": "rightItem",
				"parent": "RightArm",
				"pivot": [-5, 14, 1]
			},
			{
				"name": "LeftArm",
				"parent": "Body",
				"pivot": [4, 22, 0],
				"cubes": [
					{"origin": [3.5, 11, -1], "size": [2, 12, 2], "uv": [44, 0]}
				]
			},
			{
				"name": "leftItem",
				"parent": "LeftArm",
				"pivot": [5, 14, 1]
			},
			{
				"name": "Body2",
				"parent": "Body",
				"pivot": [0, 23, 0],
				"cubes": [
					{"origin": [-3, 14, -1.5], "size": [6, 4, 3], "uv": [0, 55]},
					{"origin": [-3.5, 11, -1.5], "size": [7, 3, 3], "uv": [44, 30], "inflate": 0.01}
				]
			},
			{
				"name": "Skirt1",
				"parent": "Body2",
				"pivot": [0, 16, 0],
				"cubes": [
					{"origin": [-3.5, 13, -2], "size": [7, 4, 4], "uv": [42, 36], "inflate": 0.02}
				]
			},
			{
				"name": "Skirt2",
				"parent": "Skirt1",
				"pivot": [0, 13, -2],
				"cubes": [
					{"origin": [-4, 7, -2.5], "size": [8, 6, 5], "uv": [38, 44], "inflate": 0.02}
				]
			},
			{
				"name": "RightLeg",
				"parent": "Body2",
				"pivot": [-2, 12, -1.5],
				"cubes": [
					{"origin": [-3.5, 0, -1.5], "size": [3, 12, 3], "uv": [52, 0]}
				]
			},
			{
				"name": "LeftLeg",
				"parent": "Body2",
				"pivot": [2, 12, -1.5],
				"cubes": [
					{"origin": [0.5, 0, -1.5], "size": [3, 12, 3], "uv": [52, 15]}
				]
			}
		]
	}
}