{
	"format_version": "1.8.0",
	"geometry.cmm.skeleton.necromancer": {
		"texturewidth": 128,
		"textureheight": 64,
		"visible_bounds_width": 4,
		"visible_bounds_height": 4.5,
		"visible_bounds_offset": [0, 0.75, 0],
		"bones": [{
			"name": "root",
			"pivot": [0, 24, 0],
			"neverRender": true
		}, {
			"name": "Hat",
			"parent": "root",
			"pivot": [0, 24, 0],
			"cubes": [{
				"origin": [-4, 29, -4],
				"size": [8, 4, 8],
				"uv": [86, 0],
				"inflate": 0.1
			}]
		}, {
			"name": "HTop",
			"parent": "root",
			"pivot": [0, 24, 0],
			"cubes": [{
				"origin": [-3.5, 31, -3],
				"size": [7, 1, 6],
				"uv": [0, 31]
			}]
		}, {
			"name": "Hair",
			"parent": "root",
			"pivot": [0, 24, 0],
			"cubes": [{
				"origin": [-4, 22, -3.5],
				"size": [8, 9, 7],
				"uv": [0, 15]
			}]
		}, {
			"name": "Head",
			"parent": "root",
			"pivot": [0, 24, 0],
			"cubes": [{
				"origin": [-3.5, 24, -3],
				"size": [7, 7, 6],
				"uv": [0, 0]
			}]
		}, {
			"name": "Neck",
			"parent": "root",
			"pivot": [0, 24, 0],
			"cubes": [{
				"origin": [-1.5, 23, -1.5],
				"size": [3, 2, 3],
				"uv": [52, 47]
			}]
		}, {
			"name": "RightShouldpad",
			"parent": "root",
			"pivot": [-3.5, 22, 0],
			"cubes": [{
				"origin": [-8.5, 21, -2],
				"size": [5, 5, 6],
				"uv": [64, 0],
				"inflate": 0.1
			}]
		}, {
			"name": "RightArm",
			"parent": "root",
			"pivot": [-3.5, 22, 0],
			"cubes": [{
				"origin": [-5.5, 11, -1],
				"size": [2, 12, 2],
				"uv": [36, 0]
			}]
		}, {
			"name": "rightItem",
			"pivot": [-4.5, 15, 1],
			"neverRender": true,
			"parent": "RightArm"
		}, {
			"name": "Staff",
			"parent": "RightArm",
			"pivot": [-4.5, 12, 0],
			"rotation": [90, 0, 0],
			"cubes": [{
				"origin": [-5, -2, -0.5],
				"size": [1, 26, 1],
				"uv": [112, 37]
			}, {
				"origin": [-7, 22.5, -0.5],
				"size": [1, 3, 1],
				"uv": [116, 47]
			}, {
				"origin": [-6, 22.5, -0.5],
				"size": [1, 1, 1],
				"uv": [116, 47]
			}, {
				"origin": [-3, 22.5, -0.5],
				"size": [1, 3, 1],
				"uv": [116, 47]
			}, {
				"origin": [-4, 22.5, -0.5],
				"size": [1, 1, 1],
				"uv": [116, 47]
			}, {
				"origin": [-5, 22.5, 1.5],
				"size": [1, 3, 1],
				"uv": [116, 47]
			}, {
				"origin": [-5, 22.5, 0.5],
				"size": [1, 1, 1],
				"uv": [116, 47]
			}, {
				"origin": [-5, 22.5, -2.5],
				"size": [1, 3, 1],
				"uv": [116, 47]
			}, {
				"origin": [-5, 22.5, -1.5],
				"size": [1, 1, 1],
				"uv": [116, 47]
			}, {
				"origin": [-6, 23.5, -1.5],
				"size": [3, 3, 3],
				"uv": [116, 41]
			}]
		}, {
			"name": "LeftShouldpad",
			"parent": "root",
			"pivot": [3.5, 22, 0],
			"cubes": [{
				"origin": [3.5, 21, -2],
				"size": [5, 5, 6],
				"uv": [64, 11],
				"inflate": 0.1
			}]
		}, {
			"name": "LeftArm",
			"parent": "root",
			"pivot": [3.5, 22, 0],
			"cubes": [{
				"origin": [3.5, 11, -1],
				"size": [2, 12, 2],
				"uv": [44, 0]
			}]
		}, {
			"name": "leftItem",
			"pivot": [4.5, 15, 1],
			"neverRender": true,
			"parent": "LeftArm"
		}, {
			"name": "Body",
			"parent": "root",
			"pivot": [0, 24, 0],
			"cubes": [{
				"origin": [-3.5, 18, -1.5],
				"size": [7, 5, 3],
				"uv": [0, 47]
			}]
		}, {
			"name": "Cape",
			"parent": "root",
			"pivot": [0, 24, 1],
			"cubes": [{
				"origin": [-8, 2, -1],
				"size": [16, 22, 4],
				"uv": [64, 38]
			}]
		}, {
			"name": "waist",
			"parent": "root",
			"pivot": [0, 12, 0],
			"neverRender": true
		}, {
			"name": "BustTop",
			"parent": "root",
			"pivot": [0, 22.15, -1.4],
			"rotation": [-45, 0, 0],
			"cubes": [{
				"origin": [-3, 20, -1.5],
				"size": [6, 2, 2],
				"uv": [48, 52]
			}]
		}, {
			"name": "BustFront",
			"parent": "root",
			"pivot": [0, 24, 0],
			"cubes": [{
				"origin": [-3, 18.7, -3],
				"size": [6, 2, 2],
				"uv": [48, 56],
				"inflate": 0.01
			}]
		}, {
			"name": "BustBottom",
			"parent": "root",
			"pivot": [0, 20.8, -2.1],
			"rotation": [-25, 0, 0],
			"cubes": [{
				"origin": [-3, 18.5, -2],
				"size": [6, 2, 2],
				"uv": [48, 60]
			}]
		}, {
			"name": "Body2",
			"parent": "root",
			"pivot": [0, 24, 0],
			"cubes": [{
				"origin": [-3, 12, -1.5],
				"size": [6, 6, 3],
				"uv": [0, 55]
			}]
		}, {
			"name": "Skirt1",
			"parent": "root",
			"pivot": [0, 14, 0],
			"cubes": [{
				"origin": [-3.5, 11, -2],
				"size": [7, 3, 4],
				"uv": [42, 30]
			}]
		}, {
			"name": "Skirt2",
			"parent": "root",
			"pivot": [0, 11, 0],
			"cubes": [{
				"origin": [-4, 1, -2.5],
				"size": [8, 10, 5],
				"uv": [20, 49]
			}]
		}, {
			"name": "Sash",
			"parent": "root",
			"pivot": [0, 11, -2],
			"cubes": [{
				"origin": [-1, 3, -2],
				"size": [2, 8, 0],
				"uv": [86, 17]
			}]
		}, {
			"name": "RightLeg",
			"parent": "root",
			"pivot": [-2, 12, 0],
			"cubes": [{
				"origin": [-3.5, 0, -1.5],
				"size": [3, 11, 3],
				"uv": [52, 0]
			}]
		}, {
			"name": "LeftLeg",
			"parent": "root",
			"pivot": [2, 12, 0],
			"cubes": [{
				"origin": [0.5, 0, -1.5],
				"size": [3, 11, 3],
				"uv": [52, 14]
			}]
		}]
	}
}