{
	"format_version": "1.10.0",
	"geometry.cmm.squallgolem": {
		"texturewidth": 64,
		"textureheight": 64,
		"visible_bounds_width": 3,
		"visible_bounds_height": 3,
		"visible_bounds_offset": [0, 1.5, 0],
		"bones": [
			{
				"name": "root",
				"pivot": [0, 25, 0]
			},
			{
				"name": "HTop",
				"parent": "root",
				"pivot": [0, 25, 0],
				"cubes": [
					{"origin": [-3.5, 32, -3], "size": [7, 1, 6], "uv": [0, 28]}
				]
			},
			{
				"name": "Hair",
				"parent": "root",
				"pivot": [0, 25, 0],
				"cubes": [
					{"origin": [-4, 24, -3.5], "size": [8, 8, 7], "uv": [0, 13]}
				]
			},
			{
				"name": "Head",
				"parent": "root",
				"pivot": [0, 25, 0],
				"cubes": [
					{"origin": [-3.5, 25, -3], "size": [7, 7, 6], "uv": [0, 0]},
					{"origin": [-0.5, 28, -4], "size": [1, 5, 1], "uv": [0, 13]}
				]
			},
			{
				"name": "Neck",
				"parent": "root",
				"pivot": [0, 25, 0],
				"cubes": [
					{"origin": [-1.5, 24, -1.5], "size": [3, 2, 3], "uv": [0, 42]}
				],
				"locators": {
					"lead": [0, 25, 0]
				}
			},
			{
				"name": "RightShoulderPad",
				"parent": "root",
				"pivot": [-3.5, 22.5, 0],
				"cubes": [
					{"origin": [-8.25, 20.75, -2], "size": [5, 4, 4], "uv": [28, 42], "inflate": -0.25},
					{"origin": [-7.5, 24, -1.5], "size": [3, 1, 3], "uv": [28, 50]}
				]
			},
			{
				"name": "RightPropeller",
				"parent": "RightShoulderPad",
				"pivot": [-6, 25, 0],
				"cubes": [
					{"origin": [-6.5, 25, -0.5], "size": [1, 5, 1], "uv": [40, 50]},
					{"origin": [-7.75, 27, 0], "size": [2, 2, 0], "uv": [0, 0]},
					{"origin": [-6, 27, -1.75], "size": [0, 2, 2], "uv": [0, 0]},
					{"origin": [-6.25, 27, 0], "size": [2, 2, 0], "uv": [0, 0]},
					{"origin": [-6, 27, -0.25], "size": [0, 2, 2], "uv": [0, 0]}
				]
			},
			{
				"name": "RightArm",
				"parent": "root",
				"pivot": [-3.5, 23, 0],
				"cubes": [
					{"origin": [-5.5, 11, -1], "size": [2, 13, 2], "uv": [36, 0]}
				]
			},
			{
				"name": "rightItem",
				"parent": "RightArm",
				"pivot": [-4.5, 15, 1]
			},
			{
				"name": "LeftShoulderPad",
				"parent": "root",
				"pivot": [3.5, 22.5, 0],
				"cubes": [
					{"origin": [3.25, 20.75, -2], "size": [5, 4, 4], "uv": [46, 42], "inflate": -0.25},
					{"origin": [4.5, 24, -1.5], "size": [3, 1, 3], "uv": [28, 54]}
				]
			},
			{
				"name": "LeftPropeller",
				"parent": "LeftShoulderPad",
				"pivot": [6, 25, 0],
				"cubes": [
					{"origin": [5.5, 25, -0.5], "size": [1, 5, 1], "uv": [44, 50]},
					{"origin": [5.75, 27, 0], "size": [2, 2, 0], "uv": [0, 0]},
					{"origin": [6, 27, -1.75], "size": [0, 2, 2], "uv": [0, 0]},
					{"origin": [4.25, 27, 0], "size": [2, 2, 0], "uv": [0, 0]},
					{"origin": [6, 27, -0.25], "size": [0, 2, 2], "uv": [0, 0]}
				]
			},
			{
				"name": "LeftArm",
				"parent": "root",
				"pivot": [3.5, 23, 0],
				"cubes": [
					{"origin": [3.5, 11, -1], "size": [2, 13, 2], "uv": [44, 0]}
				]
			},
			{
				"name": "leftItem",
				"parent": "LeftArm",
				"pivot": [4.5, 15, 1]
			},
			{
				"name": "Body",
				"parent": "root",
				"pivot": [0, 25, 0],
				"cubes": [
					{"origin": [-3.5, 19, -1.5], "size": [7, 5, 3], "uv": [0, 47]},
					{"origin": [-3.5, 20.25, 0.5], "size": [7, 4, 2], "uv": [0, 35], "inflate": 0.05}
				]
			},
			{
				"name": "waist",
				"parent": "root",
				"pivot": [0, 13, 0]
			},
			{
				"name": "BustTop",
				"parent": "root",
				"pivot": [0, 23.15, -1.4],
				"rotation": [-45, 0, 0],
				"cubes": [
					{"origin": [-3, 21, -1.5], "size": [6, 2, 2], "uv": [48, 52]}
				]
			},
			{
				"name": "BustFront",
				"parent": "root",
				"pivot": [0, 25, 0],
				"cubes": [
					{"origin": [-3, 19.7, -3], "size": [6, 2, 2], "uv": [48, 56], "inflate": 0.01}
				]
			},
			{
				"name": "BustBottom",
				"parent": "root",
				"pivot": [0, 21.8, -2.1],
				"rotation": [-25, 0, 0],
				"cubes": [
					{"origin": [-3, 19.5, -2], "size": [6, 2, 2], "uv": [48, 60]}
				]
			},
			{
				"name": "Body2",
				"parent": "root",
				"pivot": [0, 25, 0],
				"cubes": [
					{"origin": [-3, 13, -1.5], "size": [6, 6, 3], "uv": [0, 55]}
				]
			},
			{
				"name": "Skirt",
				"parent": "root",
				"pivot": [0, 14, 0],
				"cubes": [
					{"origin": [-3.5, 8, -2], "size": [7, 6, 4], "uv": [42, 32], "inflate": 0.01}
				]
			},
			{
				"name": "RightLeg",
				"parent": "root",
				"pivot": [-2, 12, 0],
				"cubes": [
					{"origin": [-3.5, 0, -1.5], "size": [3, 13, 3], "uv": [52, 0]}
				]
			},
			{
				"name": "LeftLeg",
				"parent": "root",
				"pivot": [2, 12, 0],
				"cubes": [
					{"origin": [0.5, 0, -1.5], "size": [3, 13, 3], "uv": [52, 16]}
				]
			}
		]
	}
}