{
  "format_version": "1.8.0",
  "animations": {
    "animation.cmm.squid.move.v1.0": {
      "anim_time_update": "query.modified_distance_moved",
      "loop": true,
      "bones": {
        "root": {
          "position": [ 0, -8, 0 ]
        },
        "RightArm": {
          "rotation": [ 0, 0, "variable.squid.tentacle_angle - this" ]
        },
        "RightArm2": {
          "rotation": [ 0, 0, "variable.squid.tentacle_angle - this" ]
        },
        "LeftArm": {
          "rotation": [ 0, 0, "-variable.squid.tentacle_angle - this" ]
        },
        "LeftArm2": {
          "rotation": [ 0, 0, "-variable.squid.tentacle_angle - this" ]
        },
        "RightLeg": {
          "rotation": [ 0, 0, "variable.squid.tentacle_angle - this" ]
        },
        "RightLeg2": {
          "rotation": [ 0, 0, "variable.squid.tentacle_angle - this" ]
        },
        "LeftLeg": {
          "rotation": [ 0, 0, "-variable.squid.tentacle_angle - this" ]
        },
        "LeftLeg2": {
          "rotation": [ 0, 0, "-variable.squid.tentacle_angle - this" ]
        }
      }
    }
  }
}