{
  "format_version": "1.8.0",
  "animations": {
    "animation.cmm.vindicator.look_at_target.default": {
      "loop": true,
      "bones": {
        "Head": {
          "relative_to": { "rotation": "entity" },
          "rotation": [ "query.target_x_rotation", "query.target_y_rotation", 0 ]
        },
        "Ponytail": {
          "rotation": [ "-query.target_x_rotation", 0, 0 ]
        },
        "HBack": {
          "rotation": [ "-query.target_x_rotation", 0, 0 ]
        },
        "Neck": {
          "relative_to": { "rotation": "entity" },
          "rotation": [ 0, "query.target_y_rotation * 0.5", 0 ]
        },
        "Neck1": {
          "relative_to": { "rotation": "entity" },
          "rotation": [ 0, "query.target_y_rotation * 0.5", 0 ]
        }
      }
    },
    "animation.cmm.vindicator.look_at_target.gliding": {
      "loop": true,
      "bones": {
        "Head": {
          "rotation": [ -45, "query.target_y_rotation", 0 ]
        },
        "Ponytail": {
          "rotation": [ 45, 0, 0 ]
        },
        "HBack": {
          "rotation": [ 45, 0, 0 ]
        },
        "Neck": {
          "rotation": [ 0, "query.target_y_rotation * 0.5", 0 ]
        },
        "Neck1": {
          "rotation": [ 0, "query.target_y_rotation * 0.5", 0 ]
        }
      }
    },
    "animation.cmm.vindicator.look_at_target.swimming": {
      "loop": true,
      "bones": {
        "Head": {
          "rotation": [ "math.lerp(query.target_x_rotation, -45.0, variable.swim_amount)", "query.target_y_rotation", 0 ]
        },
        "Ponytail": {
          "rotation": [ "-math.lerp(query.target_x_rotation, -45.0, variable.swim_amount)", 0, 0 ]
        },
        "HBack": {
          "rotation": [ "-math.lerp(query.target_x_rotation, -45.0, variable.swim_amount)", 0, 0 ]
        },
        "Neck": {
          "rotation": [ 0, "query.target_y_rotation * 0.5", 0 ]
        },
        "Neck1": {
          "rotation": [ 0, "query.target_y_rotation * 0.5", 0 ]
        }
      }
    },
    "animation.cmm.vindicator.bob": {
      "loop": true,
      "bones": {
        "LeftArm": {
          "rotation": [ 0, 0, "((math.cos(query.life_time * 103.2) * 2.865) + 2.865) *-1.0" ]
        },
        "RightArm": {
          "rotation": [ 0, 0, "(math.cos(query.life_time * 103.2) * 2.865) + 2.865" ]
        }
      }
    },
    "animation.cmm.vindicator.bob.chase": {
      "loop": true,
      "bones": {
        "LeftArm": {
          "rotation": [ "math.cos(query.life_time * 20.0 * 3.84) * 2.87", -9.0, "-1 * (math.cos(query.life_time * 20.0 * 5.16) * 2.87 + 2.87)" ]
        },
        "RightArm": {
          "rotation": [ "math.cos(query.life_time * 20.0 * 3.84) * 2.87", 9.0, "math.cos(query.life_time * 20.0 * 5.16) * 2.87 + 2.87" ]
        }
      }
    },
    "animation.cmm.vindicator.attack": {
      "loop": true,
      "bones": {
        "LeftArm": {
          "rotation": [ "query.is_riding ? 0.0 : ((math.cos(query.life_time * 20.0 * 10.89) * 28.65) + (math.sin(variable.attack_time * 180.0) * 68.76 - (math.sin((1.0 - (1.0 - variable.attack_time) * (1.0 - variable.attack_time)) * 180.0)) * 22.92))", 0.0, 0.0 ]
        },
        "RightArm": {
          "rotation": [ "(-108 + math.cos(query.life_time * 20.0 * 3.84) * 2.87) + (math.sin(variable.attack_time * 180.0) * 126.05 - (math.sin((1.0 - (1.0 - variable.attack_time) * (1.0 - variable.attack_time)) * 180.0)) * 22.92)", 0.0, 0.0 ]
        }
      }
    },
    "animation.cmm.vindicator.hand_attack": {
      "loop": true,
      "bones": {
        "LeftArm": {
          "rotation": [ "(-108 + math.cos(query.life_time * 20.0 * 3.84) * 2.87) + (math.sin(variable.attack_time * 180.0) * 126.05 - (math.sin((1.0 - (1.0 - variable.attack_time) * (1.0 - variable.attack_time)) * 180.0)) * 22.92)", 0.0, 0.0 ]
        },
        "RightArm": {
          "rotation": [ "(-108 + math.cos(query.life_time * 20.0 * 3.84) * 2.87) + (math.sin(variable.attack_time * 180.0) * 126.05 - (math.sin((1.0 - (1.0 - variable.attack_time) * (1.0 - variable.attack_time)) * 180.0)) * 22.92)", 0.0, 0.0 ]
        }
      }
    },
    "animation.cmm.vindicator.riding.arms": {
      "loop": true,
      "bones": {
        "LeftArm": {
          "rotation": [ -36.0, 0.0, 0.0 ]
        },
        "RightArm": {
          "rotation": [ -36.0, 0.0, 0.0 ]
        }
      }
    },
    "animation.cmm.vindicator.riding.arms.attack": {
      "loop": true,
      "bones": {
        "LeftArm": {
          "rotation": [ -36.0, 0.0, 0.0 ]
        }
      }
    },
    "animation.cmm.vindicator.riding.legs": {
      "loop": true,
      "bones": {
        "RightLeg": {
          "rotation": [ "-72.0 - this", "18.0 - this", "-this" ]
        },
        "LeftLeg": {
          "rotation": [ "-72.0 - this", "-18.0 - this", "-this" ]
        }
      }
    }
  }
}