{
  "format_version": "1.8.0",
  "animations": {
    "animation.cmm.skeleton.sneaking": {
      "loop": true,
      "bones": {
        "Body": {
          "position": [ 0, -2, 0 ]
        },
        "Head": {
          "position": [ 0, -0.5, 0 ]
        },
        "LeftArm": {
          "rotation": [ -5.7, 0, 0 ]
        },
        "LeftLeg": {
          "rotation": [ -28, 0, 0 ]
        },
        "RightArm": {
          "rotation": [ -5.7, 0, 0 ]
        },
        "RightLeg": {
          "rotation": [ -28, 0, 0 ]
        },
        "root": {
          "position": [ 0, 0.5, -4.5 ],
          "rotation": [ "28.0 - this", 0, 0 ]
        }
      }
    },
    "animation.cmm.skeleton.attack": {
      "loop": true,
      "bones": {
        "RightArm": {
          "rotation": [ "-68.75 * math.sin(variable.attack_time * 180.0) + 22.92 * (math.sin((1.0 - (1.0 - variable.attack_time) * (1.0 - variable.attack_time)) * 180.0))", "-5.73 + math.sin(variable.attack_time * 180.0) * 34.38 - this", "-this" ]
        },
        "LeftArm": {
          "rotation": [ "-68.75 * math.sin(variable.attack_time * 180.0) + 22.92 * (math.sin((1.0 - (1.0 - variable.attack_time) * (1.0 - variable.attack_time)) * 180.0))", "5.73 - math.sin(variable.attack_time * 180.0) * 34.38 - this", "-this" ]
        }
      }
    }
  }
}
