{
  "format_version": "1.8.0",
  "animations": {
    "animation.cmm.llama.walk.v1.0": {
      "anim_time_update": "query.modified_distance_moved",
      "loop": true,
      "bones": {
        "LeftArm": {
          "rotation": [ "math.cos(query.anim_time * 38.17) *  57.3", 0, 0 ]
        },
        "LeftArm2": {
          "rotation": [ "math.cos(query.anim_time * 38.17) *  57.3", 0, 0 ]
        },
        "RightArm": {
          "rotation": [ "-math.cos(query.anim_time * 38.17) *  57.3", 0, 0 ]
        },
        "RightArm2": {
          "rotation": [ "-math.cos(query.anim_time * 38.17) *  57.3", 0, 0 ]
        },
        "Leg0": {
          "rotation": [ "math.cos(query.anim_time * 38.17) *  80.0", 0, 0 ]
        },
        "Leg1": {
          "rotation": [ "math.cos(query.anim_time * 38.17) * -80.0", 0, 0 ]
        },
        "Leg2": {
          "rotation": [ "math.cos(query.anim_time * 38.17) * -80.0", 0, 0 ]
        },
        "Leg3": {
          "rotation": [ "math.cos(query.anim_time * 38.17) *  80.0", 0, 0 ]
        }
      }
    }
  }
}