{
  "format_version": "1.8.0",
  "animations": {
    "animation.cmm.enderman.riding": {
      "loop": true,
      "override_previous_animation": true,
      "bones": {
        "root": {
          "position": [ 0, -8, 0 ]
        },
        "RightArm": {
          "rotation": [ -36, 0, 0 ]
        },
        "LeftArm": {
          "rotation": [ -36, 0, 0 ]
        },
        "Skirt2": {
          "rotation": [ -45, 0, 0 ]
        },
        "RightLeg": {
          "rotation": [ -72, 18, 0 ]
        },
        "LeftLeg": {
          "rotation": [ -72, -18, 0 ]
        }
      }
    },
    "animation.cmm.enderman.carrying" : {
      "loop": true,
      "bones": {
        "LeftArm" : {
          "rotation" : [ "-42.975 - this", 0.0, "-2.87 - this" ]
        },
        "RightArm" : {
          "rotation" : [ "-42.975 - this", 0.0, "2.87 - this" ]
        }
      }
    },
    "animation.cmm.enderman.angry" : {
      "loop": true,
      "bones": {
        "root" : {
          "position" : [ "math.random(-0.5,0.5)", 0, "math.random(-0.5,0.5)" ]
        }
      }
    }
  }
}
