{
  "format_version": "1.8.0",
  "animations": {
    "animation.cmm.spider.riding": {
      "loop": true,
      "override_previous_animation": true,
      "bones": {
        "root": {
          "position": [ 0, -8, 0 ]
        },
        "RightArm": {
          "rotation": [ -36, 0, 0 ]
        },
        "LeftArm": {
          "rotation": [ -36, 0, 0 ]
        },
        "Skirt2": {
          "rotation": [ -72, 0, 0 ]
        },
        "RightLeg": {
          "rotation": [ -72, 18, 0 ]
        },
        "LeftLeg": {
          "rotation": [ -72, -18, 0 ]
        }
      }
    }
  }
}