{
	"format_version": "1.8.0",
	"animations": {
		"animation.cmm.axolotl.idle_underwater": {
			"loop": true,
			"animation_length": 5.2,
			"bones": {
				"right_arm": {
					"rotation": {
						"0.0": {
							"post": [49.1, -25.8, 0],
							"lerp_mode": "catmullrom"
						},
						"2.6": {
							"post": [29.1, -40.8, 12.5],
							"lerp_mode": "catmullrom"
						},
						"5.2": {
							"post": [49.1, -25.8, 0],
							"lerp_mode": "catmullrom"
						}
					},
					"position": {
						"0.0": {
							"post": [0.25, 0, 1],
							"lerp_mode": "catmullrom"
						},
						"5.2": {
							"post": [0.25, 0, 1],
							"lerp_mode": "catmullrom"
						}
					}
				},
				"right_leg": {
					"rotation": {
						"0.0": {
							"post": [-72.5, 117.5, 85],
							"lerp_mode": "catmullrom"
						},
						"2.6": {
							"post": [-80, 117.5, 85],
							"lerp_mode": "catmullrom"
						},
						"5.2": {
							"post": [-72.5, 117.5, 85],
							"lerp_mode": "catmullrom"
						}
					},
					"position": {
						"0.0": {
							"post": [0.25, 0, -1],
							"lerp_mode": "catmullrom"
						},
						"5.2": {
							"post": [0.25, 0, -1],
							"lerp_mode": "catmullrom"
						}
					}
				},
				"left_arm": {
					"rotation": {
						"0.0": {
							"post": [49.1, 25.8, 0],
							"lerp_mode": "catmullrom"
						},
						"2.6": {
							"post": [29.1, 40.8, -12.5],
							"lerp_mode": "catmullrom"
						},
						"5.2": {
							"post": [49.1, 25.8, 0],
							"lerp_mode": "catmullrom"
						}
					},
					"position": {
						"0.0": {
							"post": [-0.25, 0, 1],
							"lerp_mode": "catmullrom"
						},
						"5.2": {
							"post": [-0.25, 0, 1],
							"lerp_mode": "catmullrom"
						}
					}
				},
				"left_leg": {
					"rotation": {
						"0.0": {
							"post": [-72.5, -117.5, -85],
							"lerp_mode": "catmullrom"
						},
						"2.6": {
							"post": [-80, -117.5, -85],
							"lerp_mode": "catmullrom"
						},
						"5.2": {
							"post": [-72.5, -117.5, -85],
							"lerp_mode": "catmullrom"
						}
					},
					"position": {
						"0.0": {
							"post": [-0.25, 0, -1],
							"lerp_mode": "catmullrom"
						},
						"5.2": {
							"post": [-0.25, 0, -1],
							"lerp_mode": "catmullrom"
						}
					}
				},
				"tail": {
					"rotation": {
						"0.0": {
							"post": [0, 15, 0],
							"lerp_mode": "catmullrom"
						},
						"2.6": {
							"post": [0, -32, 0],
							"lerp_mode": "catmullrom"
						},
						"5.2": {
							"post": [0, 15, 0],
							"lerp_mode": "catmullrom"
						}
					}
				},
				"Head": {
					"rotation": {
						"0.0": {
							"post": [7.4, 0, 0],
							"lerp_mode": "catmullrom"
						},
						"1.44": {
							"post": [4.89, 0, 0],
							"lerp_mode": "catmullrom"
						},
						"2.84": {
							"post": [-0.1, 0, 0],
							"lerp_mode": "catmullrom"
						},
						"4.12": {
							"post": [1.51, 0, 0],
							"lerp_mode": "catmullrom"
						},
						"5.2": {
							"post": [7.4, 0, 0],
							"lerp_mode": "catmullrom"
						}
					}
				},
				"left_gills": {
					"rotation": {
						"0.0": {
							"post": [0, -25.6, 0],
							"lerp_mode": "catmullrom"
						},
						"3.12": {
							"post": [0, 16, 0],
							"lerp_mode": "catmullrom"
						},
						"5.2": {
							"post": [0, -25.6, 0],
							"lerp_mode": "catmullrom"
						}
					}
				},
				"right_gills": {
					"rotation": {
						"0.0": {
							"post": [0, 23, 0],
							"lerp_mode": "catmullrom"
						},
						"2.08": {
							"post": [0, -26, 0],
							"lerp_mode": "catmullrom"
						},
						"5.2": {
							"post": [0, 23, 0],
							"lerp_mode": "catmullrom"
						}
					}
				},
				"top_gills": {
					"rotation": {
						"0.0": {
							"post": [-19.2, 0, 0],
							"lerp_mode": "catmullrom"
						},
						"2.6": {
							"post": [12.3, 0, 0],
							"lerp_mode": "catmullrom"
						},
						"5.2": {
							"post": [-19.2, 0, 0],
							"lerp_mode": "catmullrom"
						}
					}
				},
				"Waist": {
					"position": {
						"0.0": {
							"post": [0, 0, 0],
							"lerp_mode": "catmullrom"
						},
						"2.6": {
							"post": [0, -0.5, 0],
							"lerp_mode": "catmullrom"
						},
						"5.2": {
							"post": [0, 0, 0],
							"lerp_mode": "catmullrom"
						}
					}
				},
				"Torso": {
					"rotation": {
						"0.0": {
							"post": [-2.5, 0, 0],
							"lerp_mode": "catmullrom"
						},
						"2.68": {
							"post": [2.5, 0, 0],
							"lerp_mode": "catmullrom"
						},
						"5.2": {
							"post": [-2.5, 0, 0],
							"lerp_mode": "catmullrom"
						}
					},
					"position": {
						"0.0": {
							"post": [0, 0, 0],
							"lerp_mode": "catmullrom"
						},
						"5.2": {
							"post": [0, 0, 0],
							"lerp_mode": "catmullrom"
						}
					}
				},
				"RightGills": {
					"rotation": {
						"0.0": {
							"post": [0, 0, 0],
							"lerp_mode": "catmullrom"
						},
						"2.56": {
							"post": [0, -20, 0],
							"lerp_mode": "catmullrom"
						},
						"5.2": {
							"post": [0, 0, 0],
							"lerp_mode": "catmullrom"
						}
					}
				},
				"LeftGills": {
					"rotation": {
						"0.0": {
							"post": [0, 0, 0],
							"lerp_mode": "catmullrom"
						},
						"2.56": {
							"post": [0, 20, 0],
							"lerp_mode": "catmullrom"
						},
						"5.2": {
							"post": [0, 0, 0],
							"lerp_mode": "catmullrom"
						}
					}
				},
				"TopGills": {
					"rotation": {
						"0.0": {
							"post": [0, 0, 0],
							"lerp_mode": "catmullrom"
						},
						"2.56": {
							"post": [20, 0, 0],
							"lerp_mode": "catmullrom"
						},
						"5.2": {
							"post": [0, 0, 0],
							"lerp_mode": "catmullrom"
						}
					}
				},
				"RightArm": {
					"rotation": {
						"0.0": {
							"post": [-2.5, 0, 0],
							"lerp_mode": "catmullrom"
						},
						"2.6": {
							"post": [2.5, -5, 5],
							"lerp_mode": "catmullrom"
						},
						"5.2": {
							"post": [-2.5, 0, 0],
							"lerp_mode": "catmullrom"
						}
					}
				},
				"LeftArm": {
					"rotation": {
						"0.0": {
							"post": [-2.5, 0, 0],
							"lerp_mode": "catmullrom"
						},
						"2.6": {
							"post": [2.5, 0, -5],
							"lerp_mode": "catmullrom"
						},
						"5.2": {
							"post": [-2.5, 0, 0],
							"lerp_mode": "catmullrom"
						}
					}
				},
				"Tail1": {
					"rotation": {
						"0.0": {
							"post": [0, 12.5, 0],
							"lerp_mode": "catmullrom"
						},
						"2.56": {
							"post": [0, -12.5, 0],
							"lerp_mode": "catmullrom"
						},
						"5.2": {
							"post": [0, 12.5, 0],
							"lerp_mode": "catmullrom"
						}
					}
				},
				"Tail2": {
					"rotation": {
						"0.0": {
							"post": [0, 6.33, 0],
							"lerp_mode": "catmullrom"
						},
						"1.6": {
							"post": [0, 16.5, 0],
							"lerp_mode": "catmullrom"
						},
						"3.52": {
							"post": [0, -15.5, 0],
							"lerp_mode": "catmullrom"
						},
						"5.2": {
							"post": [0, 6.33, 0],
							"lerp_mode": "catmullrom"
						}
					}
				},
				"RightLeg": {
					"rotation": {
						"0.0": {
							"post": [0, 0, 0],
							"lerp_mode": "catmullrom"
						},
						"2.72": {
							"post": [0, 0, 2.5],
							"lerp_mode": "catmullrom"
						},
						"5.2": {
							"post": [0, 0, 0],
							"lerp_mode": "catmullrom"
						}
					}
				},
				"LeftLeg": {
					"rotation": {
						"0.0": {
							"post": [0, 0, 0],
							"lerp_mode": "catmullrom"
						},
						"2.72": {
							"post": [0, 0, -2.5],
							"lerp_mode": "catmullrom"
						},
						"5.2": {
							"post": [0, 0, 0],
							"lerp_mode": "catmullrom"
						}
					}
				}
			}
		},
		"animation.cmm.axolotl.idle_floor": {
			"loop": true,
			"animation_length": 2.8,
			"bones": {
				"Body": {
					"rotation": {
						"0.0": {
							"post": [0, 0, 0],
							"lerp_mode": "catmullrom"
						},
						"2.8": {
							"post": [0, 0, 0],
							"lerp_mode": "catmullrom"
						}
					}
				},
				"right_arm": {
					"rotation": {
						"0.0": {
							"post": [77.5, -22.5, 0],
							"lerp_mode": "catmullrom"
						},
						"2.8": {
							"post": [77.5, -22.5, 0],
							"lerp_mode": "catmullrom"
						}
					}
				},
				"right_leg": {
					"rotation": {
						"0.0": {
							"post": [-77.5, 0, 0],
							"lerp_mode": "catmullrom"
						},
						"2.8": {
							"post": [-77.5, 0, 0],
							"lerp_mode": "catmullrom"
						}
					}
				},
				"left_arm": {
					"rotation": {
						"0.0": {
							"post": [77.5, 25, 0],
							"lerp_mode": "catmullrom"
						},
						"2.8": {
							"post": [77.5, 25, 0],
							"lerp_mode": "catmullrom"
						}
					}
				},
				"left_leg": {
					"rotation": {
						"0.0": {
							"post": [-77.5, 0, 0],
							"lerp_mode": "catmullrom"
						},
						"2.8": {
							"post": [-77.5, 0, 0],
							"lerp_mode": "catmullrom"
						}
					}
				},
				"tail": {
					"rotation": {
						"0.0": [0, 10, 0],
						"0.32": [0, 10, 0],
						"1.04": [0, -10, 0],
						"1.76": [0, -10, 0],
						"2.48": [0, 10, 0],
						"2.8": [0, 10, 0]
					}
				},
				"Head": {
					"rotation": {
						"0.0": {
							"post": [0, 0, 0],
							"lerp_mode": "catmullrom"
						},
						"1.28": [-5.7, 0, 0],
						"1.44": [-5.7, 0, 0],
						"2.8": {
							"post": [0, 0, 0],
							"lerp_mode": "catmullrom"
						}
					}
				},
				"left_gills": {
					"rotation": {
						"0.0": {
							"post": [0, 38, 0],
							"lerp_mode": "catmullrom"
						},
						"1.28": {
							"post": [0, 45.5, 0],
							"lerp_mode": "catmullrom"
						},
						"1.64": {
							"post": [0, 45.5, 0],
							"lerp_mode": "catmullrom"
						},
						"2.8": {
							"post": [0, 38, 0],
							"lerp_mode": "catmullrom"
						}
					}
				},
				"right_gills": {
					"rotation": {
						"0.0": {
							"post": [0, -50, 0],
							"lerp_mode": "catmullrom"
						},
						"1.28": {
							"post": [0, -59, 0],
							"lerp_mode": "catmullrom"
						},
						"1.56": {
							"post": [0, -59, 0],
							"lerp_mode": "catmullrom"
						},
						"2.8": {
							"post": [0, -50, 0],
							"lerp_mode": "catmullrom"
						}
					}
				},
				"top_gills": {
					"rotation": {
						"0.0": {
							"post": [33, 0, 0],
							"lerp_mode": "catmullrom"
						},
						"1.28": {
							"post": [47.4, 0, 0],
							"lerp_mode": "catmullrom"
						},
						"1.64": {
							"post": [47.4, 0, 0],
							"lerp_mode": "catmullrom"
						},
						"2.8": {
							"post": [33, 0, 0],
							"lerp_mode": "catmullrom"
						}
					}
				},
				"RightArm": {
					"rotation": {
						"0.0": {
							"post": [0, 0, 0],
							"lerp_mode": "catmullrom"
						},
						"1.28": [0, 0, 2.5],
						"1.44": [0, 0, 2.5],
						"2.8": {
							"post": [0, 0, 0],
							"lerp_mode": "catmullrom"
						}
					}
				},
				"LeftArm": {
					"rotation": {
						"0.0": {
							"post": [0, 0, 0],
							"lerp_mode": "catmullrom"
						},
						"1.28": [0, 0, -2.5],
						"1.44": [0, 0, -2.5],
						"2.8": {
							"post": [0, 0, 0],
							"lerp_mode": "catmullrom"
						}
					}
				},
				"Tail1": {
					"rotation": {
						"0.0": [0, 7.5, 0],
						"0.08": [0, 7.5, 0],
						"1.28": [0, -7.5, 0],
						"1.44": [0, -7.5, 0],
						"2.72": [0, 7.5, 0],
						"2.8": [0, 7.5, 0]
					}
				}
			}
		},
		"animation.cmm.axolotl.idle_floor_underwater": {
			"loop": true,
			"animation_length": 5.12,
			"bones": {
				"Body": {
					"position": {
						"0.0": {
							"post": [0, 0, 0],
							"lerp_mode": "catmullrom"
						}
					}
				},
				"right_arm": {
					"rotation": {
						"0.0": {
							"post": [-60, 145, 0],
							"lerp_mode": "catmullrom"
						},
						"5.12": {
							"post": [-60, 145, 0],
							"lerp_mode": "catmullrom"
						}
					},
					"position": {
						"0.0": {
							"post": [0.5, 0, 0.5],
							"lerp_mode": "catmullrom"
						},
						"5.12": {
							"post": [0.5, 0, 0.5],
							"lerp_mode": "catmullrom"
						}
					}
				},
				"right_leg": {
					"rotation": {
						"0.0": {
							"post": [-60, 0, 0],
							"lerp_mode": "catmullrom"
						},
						"5.12": {
							"post": [-57.5, 0, 2.5],
							"lerp_mode": "catmullrom"
						}
					}
				},
				"left_arm": {
					"rotation": {
						"0.0": {
							"post": [-60, 215, 0],
							"lerp_mode": "catmullrom"
						},
						"5.12": {
							"post": [-60, 215, 0],
							"lerp_mode": "catmullrom"
						}
					},
					"position": {
						"0.0": {
							"post": [-0.5, 0, 0.5],
							"lerp_mode": "catmullrom"
						},
						"5.12": {
							"post": [-0.5, 0, 0.5],
							"lerp_mode": "catmullrom"
						}
					}
				},
				"left_leg": {
					"rotation": {
						"0.0": {
							"post": [-60, 0, 0],
							"lerp_mode": "catmullrom"
						},
						"5.12": {
							"post": [-57.5, 0, -2.5],
							"lerp_mode": "catmullrom"
						}
					}
				},
				"tail": {
					"rotation": {
						"0.0": {
							"post": [0, 15, 0],
							"lerp_mode": "catmullrom"
						},
						"2.56": {
							"post": [0, -18.8, 0],
							"lerp_mode": "catmullrom"
						},
						"5.12": {
							"post": [0, 15, 0],
							"lerp_mode": "catmullrom"
						}
					}
				},
				"left_gills": {
					"rotation": {
						"0.0": {
							"post": [0, -25.6, 0],
							"lerp_mode": "catmullrom"
						},
						"3.12": {
							"post": [0, 15.8, 0],
							"lerp_mode": "catmullrom"
						},
						"5.12": {
							"post": [0, -25.6, 0],
							"lerp_mode": "catmullrom"
						}
					}
				},
				"right_gills": {
					"rotation": {
						"0.0": {
							"post": [0, 22.5, 0],
							"lerp_mode": "catmullrom"
						},
						"2.08": {
							"post": [0, -25.9, 0],
							"lerp_mode": "catmullrom"
						},
						"5.12": {
							"post": [0, 22.5, 0],
							"lerp_mode": "catmullrom"
						}
					}
				},
				"top_gills": {
					"rotation": {
						"0.0": {
							"post": [-19, 0, 0],
							"lerp_mode": "catmullrom"
						},
						"2.56": {
							"post": [12.3, 0, 0],
							"lerp_mode": "catmullrom"
						},
						"5.12": {
							"post": [-19, 0, 0],
							"lerp_mode": "catmullrom"
						}
					}
				},
				"Head": {
					"rotation": {
						"0.0": {
							"post": [0, 0, 0],
							"lerp_mode": "catmullrom"
						},
						"2.56": {
							"post": [2.5, 0, 0],
							"lerp_mode": "catmullrom"
						},
						"5.12": {
							"post": [0, 0, 0],
							"lerp_mode": "catmullrom"
						}
					}
				},
				"RightGills": {
					"rotation": {
						"0.0": {
							"post": [0, 0, 0],
							"lerp_mode": "catmullrom"
						},
						"2.56": {
							"post": [0, -20, 0],
							"lerp_mode": "catmullrom"
						},
						"5.12": {
							"post": [0, 0, 0],
							"lerp_mode": "catmullrom"
						}
					}
				},
				"LeftGills": {
					"rotation": {
						"0.0": {
							"post": [0, 0, 0],
							"lerp_mode": "catmullrom"
						},
						"2.56": {
							"post": [0, 20, 0],
							"lerp_mode": "catmullrom"
						},
						"5.12": {
							"post": [0, 0, 0],
							"lerp_mode": "catmullrom"
						}
					}
				},
				"TopGills": {
					"rotation": {
						"0.0": {
							"post": [0, 0, 0],
							"lerp_mode": "catmullrom"
						},
						"2.56": {
							"post": [20, 0, 0],
							"lerp_mode": "catmullrom"
						},
						"5.12": {
							"post": [0, 0, 0],
							"lerp_mode": "catmullrom"
						}
					}
				},
				"RightArm": {
					"rotation": {
						"0.0": {
							"post": [0, 0, 0],
							"lerp_mode": "catmullrom"
						},
						"2.6": {
							"post": [0, 0, 2.5],
							"lerp_mode": "catmullrom"
						},
						"5.12": {
							"post": [0, 0, 0],
							"lerp_mode": "catmullrom"
						}
					}
				},
				"LeftArm": {
					"rotation": {
						"0.0": {
							"post": [0, 0, 0],
							"lerp_mode": "catmullrom"
						},
						"2.6": {
							"post": [0, 0, -2.5],
							"lerp_mode": "catmullrom"
						},
						"5.12": {
							"post": [0, 0, 0],
							"lerp_mode": "catmullrom"
						}
					}
				},
				"Tail1": {
					"rotation": {
						"0.0": {
							"post": [0, 12.5, 0],
							"lerp_mode": "catmullrom"
						},
						"2.56": {
							"post": [0, -15, 0],
							"lerp_mode": "catmullrom"
						},
						"5.12": {
							"post": [0, 12.5, 0],
							"lerp_mode": "catmullrom"
						}
					}
				},
				"Tail2": {
					"rotation": {
						"0.0": {
							"post": [0, 9.85, 0],
							"lerp_mode": "catmullrom"
						},
						"1.12": {
							"post": [0, 21, 0],
							"lerp_mode": "catmullrom"
						},
						"3.48": {
							"post": [0, -16, 0],
							"lerp_mode": "catmullrom"
						},
						"5.12": {
							"post": [0, 9.85, 0],
							"lerp_mode": "catmullrom"
						}
					}
				}
			}
		},
		"animation.cmm.axolotl.swim": {
			"loop": true,
			"animation_length": 0.96,
			"bones": {
				"Body": {
					"rotation": {
						"0.0": {
							"post": [8.3, 0, 0],
							"lerp_mode": "catmullrom"
						},
						"0.2": {
							"post": [11.83, 0, 0],
							"lerp_mode": "catmullrom"
						},
						"0.64": {
							"post": [-7.5, 0, 0],
							"lerp_mode": "catmullrom"
						},
						"0.96": {
							"post": [8.3, 0, 0],
							"lerp_mode": "catmullrom"
						}
					},
					"position": {
						"0.0": {
							"post": [0, 0, 0],
							"lerp_mode": "catmullrom"
						},
						"0.52": {
							"post": [0, -1, 0],
							"lerp_mode": "catmullrom"
						},
						"0.96": {
							"post": [0, -0.05, 0],
							"lerp_mode": "catmullrom"
						}
					}
				},
				"right_arm": {
					"rotation": {
						"0.0": [72.5, 80, 95],
						"0.52": [72.5, 110, 95],
						"0.96": [72.5, 81.64, 95]
					}
				},
				"right_leg": {
					"rotation": {
						"0.0": [-97.5, 87.5, -90],
						"0.28": [-97.5, 107.5, -90],
						"0.76": [-97.5, 68.71, -90],
						"0.96": [-97.5, 84.79, -90]
					}
				},
				"left_arm": {
					"rotation": {
						"0.0": [72.5, -80, -95],
						"0.52": [72.5, -110, -95],
						"0.96": [72.5, -81.64, -95]
					}
				},
				"left_leg": {
					"rotation": {
						"0.0": [-97.5, -87.5, 90],
						"0.28": [-97.5, -108.75, 90],
						"0.76": [-97.5, -69.96, 90],
						"0.96": [-97.5, -84.94, 90]
					}
				},
				"tail": {
					"rotation": {
						"0.0": [0, 15, 0],
						"0.52": [0, -15, 0],
						"0.96": [0, 13.36, 0]
					}
				},
				"Head": {
					"rotation": {
						"0.0": {
							"post": [-42.5, 0, 0],
							"lerp_mode": "catmullrom"
						},
						"0.32": {
							"post": [-45.4, 0, 0],
							"lerp_mode": "catmullrom"
						},
						"0.64": {
							"post": [-39.77, 0, 0],
							"lerp_mode": "catmullrom"
						},
						"0.96": {
							"post": [-42.5, 0, 0],
							"lerp_mode": "catmullrom"
						}
					}
				},
				"left_gills": {
					"rotation": {
						"0.0": [0, -72, 0],
						"0.2": [0, -79.9, 0],
						"0.64": [0, -38.1, 0],
						"0.96": [0, -69.31, 0]
					}
				},
				"right_gills": {
					"rotation": {
						"0.0": [0, 72, 0],
						"0.2": [0, 86.5, 0],
						"0.64": [0, 26.7, 0],
						"0.96": [0, 68.38, 0]
					}
				},
				"top_gills": {
					"rotation": {
						"0.0": [-57, 0, 0],
						"0.2": [-68.7, 0, 0],
						"0.64": [-24.2, 0, 0],
						"0.96": [-54.37, 0, 0]
					}
				},
				"Waist": {
					"rotation": [70, 0, 0],
					"position": [0, 0, 2]
				},
				"RightGills": {
					"rotation": {
						"0.0": {
							"post": [0, 0, 0],
							"lerp_mode": "catmullrom"
						},
						"0.48": {
							"post": [0, -20, 0],
							"lerp_mode": "catmullrom"
						},
						"0.96": {
							"post": [0, 0, 0],
							"lerp_mode": "catmullrom"
						}
					}
				},
				"LeftGills": {
					"rotation": {
						"0.0": {
							"post": [0, 0, 0],
							"lerp_mode": "catmullrom"
						},
						"0.48": {
							"post": [0, 20, 0],
							"lerp_mode": "catmullrom"
						},
						"0.96": {
							"post": [0, 0, 0],
							"lerp_mode": "catmullrom"
						}
					}
				},
				"TopGills": {
					"rotation": {
						"0.0": {
							"post": [0, 0, 0],
							"lerp_mode": "catmullrom"
						},
						"0.48": {
							"post": [25, 0, 0],
							"lerp_mode": "catmullrom"
						},
						"0.96": {
							"post": [0, 0, 0],
							"lerp_mode": "catmullrom"
						}
					}
				},
				"RightBraid": {
					"rotation": {
						"0.0": {
							"post": [15, 0, 0],
							"lerp_mode": "catmullrom"
						},
						"0.48": {
							"post": [22.5, 0, 0],
							"lerp_mode": "catmullrom"
						},
						"0.96": {
							"post": [15, 0, 0],
							"lerp_mode": "catmullrom"
						}
					}
				},
				"LeftBraid": {
					"rotation": {
						"0.0": {
							"post": [15, 0, 0],
							"lerp_mode": "catmullrom"
						},
						"0.48": {
							"post": [25, 0, 0],
							"lerp_mode": "catmullrom"
						},
						"0.96": {
							"post": [15, 0, 0],
							"lerp_mode": "catmullrom"
						}
					}
				},
				"RightArm": {
					"rotation": {
						"0.0": {
							"post": [-7.5, 0, 0],
							"lerp_mode": "catmullrom"
						},
						"0.48": {
							"post": [7.5, 0, 7.5],
							"lerp_mode": "catmullrom"
						},
						"0.96": {
							"post": [-7.5, 0, 0],
							"lerp_mode": "catmullrom"
						}
					}
				},
				"LeftArm": {
					"rotation": {
						"0.0": {
							"post": [-7.5, 0, 0],
							"lerp_mode": "catmullrom"
						},
						"0.48": {
							"post": [7.5, 0, -7.5],
							"lerp_mode": "catmullrom"
						},
						"0.96": {
							"post": [-7.5, 0, 0],
							"lerp_mode": "catmullrom"
						}
					}
				},
				"Skirt": {
					"rotation": {
						"0.0": {
							"post": [-5, 0, 0],
							"lerp_mode": "catmullrom"
						},
						"0.24": {
							"post": [-2.88, 0, 0],
							"lerp_mode": "catmullrom"
						},
						"0.52": {
							"post": [10, 0, 0],
							"lerp_mode": "catmullrom"
						},
						"0.64": {
							"post": [5.01, 0, 0],
							"lerp_mode": "catmullrom"
						},
						"0.96": {
							"post": [-5, 0, 0],
							"lerp_mode": "catmullrom"
						}
					}
				},
				"Tail1": {
					"rotation": {
						"0.0": {
							"post": [-42.5, 15, -12.5],
							"lerp_mode": "catmullrom"
						},
						"0.48": {
							"post": [-35, -20, 12.5],
							"lerp_mode": "catmullrom"
						},
						"0.96": {
							"post": [-42.5, 15, -12.5],
							"lerp_mode": "catmullrom"
						}
					}
				},
				"Tail2": {
					"rotation": {
						"0.0": {
							"post": [0, 14.59, 0],
							"lerp_mode": "catmullrom"
						},
						"0.12": {
							"post": [0, 20, 0],
							"lerp_mode": "catmullrom"
						},
						"0.56": {
							"post": [0, -20, 0],
							"lerp_mode": "catmullrom"
						},
						"0.96": {
							"post": [0, 14.59, 0],
							"lerp_mode": "catmullrom"
						}
					}
				},
				"RightLeg": {
					"rotation": {
						"0.0": {
							"post": [-7.5, 0, 0],
							"lerp_mode": "catmullrom"
						},
						"0.28": {
							"post": [-0.16, 0, 0],
							"lerp_mode": "catmullrom"
						},
						"0.48": {
							"post": [17.5, 0, 0],
							"lerp_mode": "catmullrom"
						},
						"0.76": {
							"post": [-7.5, 0, 0],
							"lerp_mode": "catmullrom"
						},
						"0.96": {
							"post": [-7.5, 0, 0],
							"lerp_mode": "catmullrom"
						}
					},
					"position": {
						"0.0": {
							"post": [0, 0, 1.6],
							"lerp_mode": "catmullrom"
						},
						"0.24": {
							"post": [0, -0.25, 2.33],
							"lerp_mode": "catmullrom"
						},
						"0.52": {
							"post": [0, -1, 0],
							"lerp_mode": "catmullrom"
						},
						"0.68": {
							"post": [0, -0.39, -1.42],
							"lerp_mode": "catmullrom"
						},
						"0.96": {
							"post": [0, 0, 1.6],
							"lerp_mode": "catmullrom"
						}
					}
				},
				"LeftLeg": {
					"rotation": {
						"0.0": {
							"post": [0, 0, 0],
							"lerp_mode": "catmullrom"
						},
						"0.2": {
							"post": [4.84, 0, 0],
							"lerp_mode": "catmullrom"
						},
						"0.4": {
							"post": [17.5, 0, 0],
							"lerp_mode": "catmullrom"
						},
						"0.68": {
							"post": [-7.5, 0, 0],
							"lerp_mode": "catmullrom"
						},
						"0.96": {
							"post": [0, 0, 0],
							"lerp_mode": "catmullrom"
						}
					},
					"position": {
						"0.0": {
							"post": [0, 0, 1.6],
							"lerp_mode": "catmullrom"
						},
						"0.24": {
							"post": [0, -0.25, 2.33],
							"lerp_mode": "catmullrom"
						},
						"0.52": {
							"post": [0, -1, 0],
							"lerp_mode": "catmullrom"
						},
						"0.68": {
							"post": [0, -0.39, -1.42],
							"lerp_mode": "catmullrom"
						},
						"0.96": {
							"post": [0, 0, 1.6],
							"lerp_mode": "catmullrom"
						}
					}
				}
			}
		},
		"animation.cmm.axolotl.walk_floor": {
			"loop": true,
			"animation_length": 2.72,
			"bones": {
				"Body": {
					"rotation": {
						"0.0": {
							"post": [0, 2.5, 0],
							"lerp_mode": "catmullrom"
						},
						"1.32": {
							"post": [0, -2.5, 0],
							"lerp_mode": "catmullrom"
						},
						"2.72": {
							"post": [0, 2.5, 0],
							"lerp_mode": "catmullrom"
						}
					}
				},
				"right_arm": {
					"rotation": {
						"0.0": {
							"post": [77.5, 35, 0],
							"lerp_mode": "catmullrom"
						},
						"1.32": {
							"post": [77.5, -22.5, 0],
							"lerp_mode": "catmullrom"
						},
						"2.72": {
							"post": [77.5, 35, 0],
							"lerp_mode": "catmullrom"
						}
					},
					"position": {
						"0.0": {
							"post": [0.5, 0, 0],
							"lerp_mode": "catmullrom"
						},
						"2.72": {
							"post": [0.5, 0, 0],
							"lerp_mode": "catmullrom"
						}
					}
				},
				"right_leg": {
					"rotation": {
						"0.0": {
							"post": [-77.5, -25, 0],
							"lerp_mode": "catmullrom"
						},
						"1.32": {
							"post": [-77.5, 22.5, 0],
							"lerp_mode": "catmullrom"
						},
						"2.72": {
							"post": [-77.5, -25, 0],
							"lerp_mode": "catmullrom"
						}
					},
					"position": {
						"0.0": {
							"post": [0.5, 0, 0],
							"lerp_mode": "catmullrom"
						},
						"2.72": {
							"post": [0.5, 0, 0],
							"lerp_mode": "catmullrom"
						}
					}
				},
				"left_arm": {
					"rotation": {
						"0.0": {
							"post": [77.5, 32.5, 0],
							"lerp_mode": "catmullrom"
						},
						"1.32": {
							"post": [77.5, -30, 0],
							"lerp_mode": "catmullrom"
						},
						"2.72": {
							"post": [77.5, 32.5, 0],
							"lerp_mode": "catmullrom"
						}
					},
					"position": {
						"0.0": {
							"post": [-0.5, 0, 0],
							"lerp_mode": "catmullrom"
						},
						"2.72": {
							"post": [-0.5, 0, 0],
							"lerp_mode": "catmullrom"
						}
					}
				},
				"left_leg": {
					"rotation": {
						"0.0": {
							"post": [-77.5, -30, 0],
							"lerp_mode": "catmullrom"
						},
						"1.32": {
							"post": [-77.5, 15, 0],
							"lerp_mode": "catmullrom"
						},
						"2.72": {
							"post": [-77.5, -30, 0],
							"lerp_mode": "catmullrom"
						}
					},
					"position": {
						"0.0": {
							"post": [-0.5, 0, 0],
							"lerp_mode": "catmullrom"
						},
						"2.72": {
							"post": [-0.5, 0, 0],
							"lerp_mode": "catmullrom"
						}
					}
				},
				"tail": {
					"rotation": {
						"0.0": {
							"post": [0, -10, 0],
							"lerp_mode": "catmullrom"
						},
						"1.32": {
							"post": [0, 10, 0],
							"lerp_mode": "catmullrom"
						},
						"2.72": {
							"post": [0, -10, 0],
							"lerp_mode": "catmullrom"
						}
					}
				},
				"Head": {
					"rotation": {
						"0.0": {
							"post": [0, -7.5, 0],
							"lerp_mode": "catmullrom"
						},
						"1.32": {
							"post": [0, 6.7, 0],
							"lerp_mode": "catmullrom"
						},
						"2.72": {
							"post": [0, -7.5, 0],
							"lerp_mode": "catmullrom"
						}
					}
				},
				"left_gills": {
					"rotation": {
						"0.0": {
							"post": [0, 38.1, 0],
							"lerp_mode": "catmullrom"
						},
						"1.08": {
							"post": [0, 45.6, 0],
							"lerp_mode": "catmullrom"
						},
						"1.44": {
							"post": [0, 45.6, 0],
							"lerp_mode": "catmullrom"
						},
						"2.72": {
							"post": [0, 38.1, 0],
							"lerp_mode": "catmullrom"
						}
					}
				},
				"right_gills": {
					"rotation": {
						"0.0": {
							"post": [0, -50, 0],
							"lerp_mode": "catmullrom"
						},
						"1.08": {
							"post": [0, -59, 0],
							"lerp_mode": "catmullrom"
						},
						"1.36": {
							"post": [0, -59, 0],
							"lerp_mode": "catmullrom"
						},
						"2.72": {
							"post": [0, -50, 0],
							"lerp_mode": "catmullrom"
						}
					}
				},
				"top_gills": {
					"rotation": {
						"0.0": {
							"post": [33, 0, 0],
							"lerp_mode": "catmullrom"
						},
						"1.08": {
							"post": [47.4, 0, 0],
							"lerp_mode": "catmullrom"
						},
						"1.44": {
							"post": [47.4, 0, 0],
							"lerp_mode": "catmullrom"
						},
						"2.72": {
							"post": [33, 0, 0],
							"lerp_mode": "catmullrom"
						}
					}
				},
				"RightArm": {
					"rotation": {
						"0.0": {
							"post": [4.41, 0, 0],
							"lerp_mode": "catmullrom"
						},
						"0.12": {
							"post": [5, 0, 0],
							"lerp_mode": "catmullrom"
						},
						"1.48": {
							"post": [-5, 0, 0],
							"lerp_mode": "catmullrom"
						},
						"2.72": {
							"post": [4.41, 0, 0],
							"lerp_mode": "catmullrom"
						}
					}
				},
				"LeftArm": {
					"rotation": {
						"0.0": {
							"post": [-4.41, 0, 0],
							"lerp_mode": "catmullrom"
						},
						"0.12": {
							"post": [-5, 0, 0],
							"lerp_mode": "catmullrom"
						},
						"1.48": {
							"post": [5, 0, 0],
							"lerp_mode": "catmullrom"
						},
						"2.72": {
							"post": [-4.41, 0, 0],
							"lerp_mode": "catmullrom"
						}
					}
				},
				"RightLeg": {
					"rotation": {
						"0.0": {
							"post": [-5, 0, 0],
							"lerp_mode": "catmullrom"
						},
						"1.36": {
							"post": [5, 0, 0],
							"lerp_mode": "catmullrom"
						},
						"2.72": {
							"post": [-5, 0, 0],
							"lerp_mode": "catmullrom"
						}
					},
					"position": {
						"0.0": {
							"post": [0, 0, 0],
							"lerp_mode": "catmullrom"
						},
						"0.72": {
							"post": [0, 0, 0.26],
							"lerp_mode": "catmullrom"
						},
						"1.36": {
							"post": [0, 0, 0],
							"lerp_mode": "catmullrom"
						},
						"1.76": {
							"post": [0, 0.25, -0.25],
							"lerp_mode": "catmullrom"
						},
						"2.2": {
							"post": [0, 0, -0.25],
							"lerp_mode": "catmullrom"
						},
						"2.72": {
							"post": [0, 0, 0],
							"lerp_mode": "catmullrom"
						}
					}
				},
				"LeftLeg": {
					"rotation": {
						"0.0": {
							"post": [5, 0, 0],
							"lerp_mode": "catmullrom"
						},
						"1.36": {
							"post": [-5, 0, 0],
							"lerp_mode": "catmullrom"
						},
						"2.72": {
							"post": [5, 0, 0],
							"lerp_mode": "catmullrom"
						}
					},
					"position": {
						"0.0": {
							"post": [0, 0, 0],
							"lerp_mode": "catmullrom"
						},
						"0.4": {
							"post": [0, 0.25, -0.25],
							"lerp_mode": "catmullrom"
						},
						"0.84": {
							"post": [0, 0, -0.25],
							"lerp_mode": "catmullrom"
						},
						"1.36": {
							"post": [0, 0, 0],
							"lerp_mode": "catmullrom"
						},
						"2.08": {
							"post": [0, 0, 0.26],
							"lerp_mode": "catmullrom"
						},
						"2.72": {
							"post": [0, 0, 0],
							"lerp_mode": "catmullrom"
						}
					}
				}
			}
		},
		"animation.cmm.axolotl.walk_floor_underwater": {
			"loop": true,
			"animation_length": 2.04,
			"bones": {
				"Body": {
					"rotation": {
						"0.0": {
							"post": [0, -2.5, 0],
							"lerp_mode": "catmullrom"
						},
						"1.04": {
							"post": [0, 2.5, 0],
							"lerp_mode": "catmullrom"
						},
						"2.04": {
							"post": [0, -2.5, 0],
							"lerp_mode": "catmullrom"
						}
					},
					"position": {
						"0.0": {
							"post": [0, 0, 0],
							"lerp_mode": "catmullrom"
						},
						"0.52": {
							"post": [0, 0.5, 0],
							"lerp_mode": "catmullrom"
						},
						"1.04": {
							"post": [0, 0, 0],
							"lerp_mode": "catmullrom"
						},
						"1.56": {
							"post": [0, 0.5, 0],
							"lerp_mode": "catmullrom"
						},
						"2.04": {
							"post": [0, 0, 0],
							"lerp_mode": "catmullrom"
						}
					}
				},
				"right_arm": {
					"rotation": {
						"0.0": {
							"post": [45, -52.5, 0],
							"lerp_mode": "catmullrom"
						},
						"0.72": {
							"post": [56.72, 2.34, 0],
							"lerp_mode": "catmullrom"
						},
						"1.44": {
							"post": [52.5, 45, 0],
							"lerp_mode": "catmullrom"
						},
						"2.04": {
							"post": [45, -52.5, 0],
							"lerp_mode": "catmullrom"
						}
					},
					"position": {
						"0.0": {
							"post": [0, 0, 0],
							"lerp_mode": "catmullrom"
						},
						"1.44": {
							"post": [1, 0, 0],
							"lerp_mode": "catmullrom"
						},
						"2.04": {
							"post": [0, 0, 0],
							"lerp_mode": "catmullrom"
						}
					}
				},
				"right_leg": {
					"rotation": {
						"0.0": {
							"post": [-40, 55, 0],
							"lerp_mode": "catmullrom"
						},
						"0.72": {
							"post": [-55, -35, 0],
							"lerp_mode": "catmullrom"
						},
						"1.44": {
							"post": [-54.99, 10.03, 0],
							"lerp_mode": "catmullrom"
						},
						"2.04": {
							"post": [-40, 55, 0],
							"lerp_mode": "catmullrom"
						}
					},
					"position": {
						"0.0": {
							"post": [1, 0, 0],
							"lerp_mode": "catmullrom"
						},
						"0.72": {
							"post": [0, 0, 0],
							"lerp_mode": "catmullrom"
						},
						"2.04": {
							"post": [1, 0, 0],
							"lerp_mode": "catmullrom"
						}
					}
				},
				"left_arm": {
					"rotation": {
						"0.0": {
							"post": [65, -55, 0],
							"lerp_mode": "catmullrom"
						},
						"0.72": {
							"post": [50, 52.5, 0],
							"lerp_mode": "catmullrom"
						},
						"1.44": {
							"post": [50.01, -1.29, 0],
							"lerp_mode": "catmullrom"
						},
						"2.04": {
							"post": [65, -55, 0],
							"lerp_mode": "catmullrom"
						}
					},
					"position": {
						"0.0": {
							"post": [-0.5, 0, 0],
							"lerp_mode": "catmullrom"
						},
						"0.72": {
							"post": [0, 0, 0],
							"lerp_mode": "catmullrom"
						},
						"2.04": {
							"post": [-0.5, 0, 0],
							"lerp_mode": "catmullrom"
						}
					}
				},
				"left_leg": {
					"rotation": {
						"0.0": {
							"post": [-62.5, 35, 0],
							"lerp_mode": "catmullrom"
						},
						"0.72": {
							"post": [-46.87, -15.62, 0],
							"lerp_mode": "catmullrom"
						},
						"1.44": {
							"post": [-52.5, -55, 0],
							"lerp_mode": "catmullrom"
						},
						"2.04": {
							"post": [-62.5, 35, 0],
							"lerp_mode": "catmullrom"
						}
					},
					"position": {
						"0.0": {
							"post": [-0.5, 0, 0],
							"lerp_mode": "catmullrom"
						},
						"1.44": {
							"post": [-0.5, 0, 0],
							"lerp_mode": "catmullrom"
						},
						"2.04": {
							"post": [-0.5, 0, 0],
							"lerp_mode": "catmullrom"
						}
					}
				},
				"tail": {
					"rotation": {
						"0.0": {
							"post": [0, 15, 0],
							"lerp_mode": "catmullrom"
						},
						"2.04": {
							"post": [0, 15, 0],
							"lerp_mode": "catmullrom"
						}
					}
				},
				"Head": {
					"rotation": {
						"0.0": {
							"post": [0, 4, -5.8],
							"lerp_mode": "catmullrom"
						},
						"1.04": {
							"post": [0, -4, 5],
							"lerp_mode": "catmullrom"
						},
						"2.04": {
							"post": [0, 4, -5.8],
							"lerp_mode": "catmullrom"
						}
					}
				},
				"left_gills": {
					"rotation": {
						"0.0": {
							"post": [0, -60, 0],
							"lerp_mode": "catmullrom"
						},
						"1.24": {
							"post": [0, -45, 0],
							"lerp_mode": "catmullrom"
						},
						"2.04": {
							"post": [0, -60, 0],
							"lerp_mode": "catmullrom"
						}
					}
				},
				"right_gills": {
					"rotation": {
						"0.0": {
							"post": [0, 38, 0],
							"lerp_mode": "catmullrom"
						},
						"0.64": {
							"post": [0, 53, 0],
							"lerp_mode": "catmullrom"
						},
						"2.04": {
							"post": [0, 38, 0],
							"lerp_mode": "catmullrom"
						}
					}
				},
				"top_gills": {
					"rotation": {
						"0.0": {
							"post": [-34, 0, 0],
							"lerp_mode": "catmullrom"
						},
						"1.04": {
							"post": [-41.5, 0, 0],
							"lerp_mode": "catmullrom"
						},
						"2.04": {
							"post": [-34, 0, 0],
							"lerp_mode": "catmullrom"
						}
					}
				},
				"Torso": {
					"rotation": {
						"0.0": {
							"post": [0, 0, 2.5],
							"lerp_mode": "catmullrom"
						},
						"1.04": {
							"post": [0, 0, -2.5],
							"lerp_mode": "catmullrom"
						},
						"2.04": {
							"post": [0, 0, 2.5],
							"lerp_mode": "catmullrom"
						}
					}
				},
				"RightGills": {
					"rotation": {
						"0.0": {
							"post": [0, 0, 0],
							"lerp_mode": "catmullrom"
						},
						"0.52": {
							"post": [0, -22.5, 0],
							"lerp_mode": "catmullrom"
						},
						"1.04": {
							"post": [0, 0, 0],
							"lerp_mode": "catmullrom"
						},
						"1.52": {
							"post": [0, -22.5, 0],
							"lerp_mode": "catmullrom"
						},
						"2.04": {
							"post": [0, 0, 0],
							"lerp_mode": "catmullrom"
						}
					}
				},
				"LeftGills": {
					"rotation": {
						"0.0": {
							"post": [0, 0, 0],
							"lerp_mode": "catmullrom"
						},
						"0.52": {
							"post": [0, 22.5, 0],
							"lerp_mode": "catmullrom"
						},
						"1.04": {
							"post": [0, 0, 0],
							"lerp_mode": "catmullrom"
						},
						"1.52": {
							"post": [0, 22.5, 0],
							"lerp_mode": "catmullrom"
						},
						"2.04": {
							"post": [0, 0, 0],
							"lerp_mode": "catmullrom"
						}
					}
				},
				"TopGills": {
					"rotation": {
						"0.0": {
							"post": [0, 0, 0],
							"lerp_mode": "catmullrom"
						},
						"0.6": {
							"post": [25, 0, 0],
							"lerp_mode": "catmullrom"
						},
						"1.12": {
							"post": [0, 0, 0],
							"lerp_mode": "catmullrom"
						},
						"1.6": {
							"post": [25, 0, 0],
							"lerp_mode": "catmullrom"
						},
						"2.04": {
							"post": [0, 0, 0],
							"lerp_mode": "catmullrom"
						}
					}
				},
				"RightArm": {
					"rotation": {
						"0.0": [-18.05, 0, 0],
						"0.2": [-15, 0, 0],
						"1.12": {
							"post": [17.5, 0, 0],
							"lerp_mode": "catmullrom"
						},
						"2.04": {
							"post": [-18.05, 0, 0],
							"lerp_mode": "catmullrom"
						}
					}
				},
				"LeftArm": {
					"rotation": {
						"0.0": [15.55, 0, 0],
						"0.16": [12.5, 0, 0],
						"1.12": {
							"post": [-20, 0, 0],
							"lerp_mode": "catmullrom"
						},
						"2.04": {
							"post": [15.55, 0, 0],
							"lerp_mode": "catmullrom"
						}
					}
				},
				"Tail1": {
					"rotation": {
						"0.0": {
							"post": [0, 15, 0],
							"lerp_mode": "catmullrom"
						},
						"1.04": {
							"post": [0, -20, 0],
							"lerp_mode": "catmullrom"
						},
						"2.04": {
							"post": [0, 15, 0],
							"lerp_mode": "catmullrom"
						}
					}
				},
				"Tail2": {
					"rotation": {
						"0.0": {
							"post": [0, 7.37, 0],
							"lerp_mode": "catmullrom"
						},
						"0.48": {
							"post": [0, 19, 0],
							"lerp_mode": "catmullrom"
						},
						"1.36": {
							"post": [0, -20, 0],
							"lerp_mode": "catmullrom"
						},
						"2.04": {
							"post": [0, 7.37, 0],
							"lerp_mode": "catmullrom"
						}
					}
				},
				"RightLeg": {
					"rotation": {
						"0.0": {
							"post": [7.5, 0, 2.5],
							"lerp_mode": "catmullrom"
						},
						"1.04": {
							"post": [-7.5, 0, 0],
							"lerp_mode": "catmullrom"
						},
						"2.04": {
							"post": [7.5, 0, 2.5],
							"lerp_mode": "catmullrom"
						}
					},
					"position": {
						"0.0": {
							"post": [0, 0, 0],
							"lerp_mode": "catmullrom"
						},
						"0.52": {
							"post": [0, 0.5, 0],
							"lerp_mode": "catmullrom"
						},
						"1.04": {
							"post": [0, 0, 0],
							"lerp_mode": "catmullrom"
						},
						"1.56": {
							"post": [0, 0.5, 0],
							"lerp_mode": "catmullrom"
						},
						"2.04": {
							"post": [0, 0, 0],
							"lerp_mode": "catmullrom"
						}
					}
				},
				"LeftLeg": {
					"rotation": {
						"0.0": {
							"post": [-7.5, 0, 0],
							"lerp_mode": "catmullrom"
						},
						"1.04": {
							"post": [7.5, 0, -2.5],
							"lerp_mode": "catmullrom"
						},
						"2.04": {
							"post": [-7.5, 0, 0],
							"lerp_mode": "catmullrom"
						}
					},
					"position": {
						"0.0": {
							"post": [0, 0, 0],
							"lerp_mode": "catmullrom"
						},
						"0.52": {
							"post": [0, 0.5, 0],
							"lerp_mode": "catmullrom"
						},
						"1.04": {
							"post": [0, 0, 0],
							"lerp_mode": "catmullrom"
						},
						"1.56": {
							"post": [0, 0.5, 0],
							"lerp_mode": "catmullrom"
						},
						"2.04": {
							"post": [0, 0, 0],
							"lerp_mode": "catmullrom"
						}
					}
				}
			}
		},
		"animation.cmm.axolotl.play_dead": {
			"loop": true,
			"bones": {
				"Body": {
					"rotation": {
						"0.0": {
							"post": [0, 0, 0],
							"lerp_mode": "catmullrom"
						}
					},
					"position": {
						"0.0": {
							"post": [0, 0, 0],
							"lerp_mode": "catmullrom"
						}
					}
				},
				"Head": {
					"rotation": {
						"0.0": {
							"post": [0, 0, -15],
							"lerp_mode": "catmullrom"
						}
					}
				},
				"right_arm": {
					"rotation": [49.1, -25.8, 0]
				},
				"right_leg": {
					"rotation": [-72.5, 117.5, 85]
				},
				"left_arm": {
					"rotation": [49.1, 25.8, 0]
				},
				"left_leg": {
					"rotation": [-72.5, -117.5, -85]
				},
				"Waist": {
					"rotation": [72.5, 0, -25],
					"position": [0, -7.25, 2]
				},
				"RightGills": {
					"rotation": {
						"0.0": {
							"post": [0, -22.5, 0],
							"lerp_mode": "catmullrom"
						}
					}
				},
				"LeftGills": {
					"rotation": {
						"0.0": {
							"post": [0, 22.5, 0],
							"lerp_mode": "catmullrom"
						}
					}
				},
				"TopGills": {
					"rotation": {
						"0.0": {
							"post": [27.5, 0, 0],
							"lerp_mode": "catmullrom"
						}
					}
				},
				"RightArm": {
					"rotation": {
						"0.0": {
							"post": [-17.5, 0, 12.5],
							"lerp_mode": "catmullrom"
						}
					}
				},
				"LeftArm": {
					"rotation": {
						"0.0": {
							"post": [-30, 7.5, -7.5],
							"lerp_mode": "catmullrom"
						}
					}
				},
				"Tail1": {
					"rotation": [-35, 17.5, 0]
				},
				"Tail2": {
					"rotation": [0, 25, 0]
				},
				"RightLeg": {
					"rotation": {
						"0.0": {
							"post": [-20, 0, 2.5],
							"lerp_mode": "catmullrom"
						}
					},
					"position": {
						"0.0": {
							"post": [0, 0, 0],
							"lerp_mode": "catmullrom"
						}
					}
				},
				"LeftLeg": {
					"rotation": {
						"0.0": {
							"post": [-12.5, 0, -5],
							"lerp_mode": "catmullrom"
						}
					},
					"position": {
						"0.0": {
							"post": [0, 0, 0],
							"lerp_mode": "catmullrom"
						}
					}
				}
			}
		},
		"animation.cmm.axolotl.swim_angle": {
			"loop": true,
			"bones": {
				"Waist": {
					"rotation": ["variable.pitch", 0, 0]
				}
			}
		}
	}
}