{
  "format_version": "1.8.0",
  "animations": {
    "animation.cmm.vindicator.bob.v1.0": {
      "loop": true,
      "bones": {
        "LeftArm": {
          "rotation": [ 0, 0, "((math.cos(query.life_time * 103.2) * 2.865) + 2.865) *-1.0" ]
        },
        "LeftArm2": {
          "rotation": [ 0, 0, "((math.cos(query.life_time * 103.2) * 2.865) + 2.865) *-1.0" ]
        },
        "RightArm": {
          "rotation": [ 0, 0, "(math.cos(query.life_time * 103.2) * 2.865) + 2.865" ]
        },
        "RightArm2": {
          "rotation": [ 0, 0, "(math.cos(query.life_time * 103.2) * 2.865) + 2.865" ]
        }
      }
    },
    "animation.cmm.vindicator.bob.chase.v1.0": {
      "loop": true,
      "bones": {
        "LeftArm": {
          "rotation": [ "math.cos(query.life_time * 20.0 * 3.84) * 2.87", -9.0, "-1 * (math.cos(query.life_time * 20.0 * 5.16) * 2.87 + 2.87)" ]
        },
        "LeftArm2": {
          "rotation": [ "math.cos(query.life_time * 20.0 * 3.84) * 2.87", -9.0, "-1 * (math.cos(query.life_time * 20.0 * 5.16) * 2.87 + 2.87)" ]
        },
        "RightArm": {
          "rotation": [ "math.cos(query.life_time * 20.0 * 3.84) * 2.87", 9.0, "math.cos(query.life_time * 20.0 * 5.16) * 2.87 + 2.87" ]
        },
        "RightArm2": {
          "rotation": [ "math.cos(query.life_time * 20.0 * 3.84) * 2.87", 9.0, "math.cos(query.life_time * 20.0 * 5.16) * 2.87 + 2.87" ]
        }
      }
    },
    "animation.cmm.vindicator.attack.v1.0": {
      "loop": true,
      "bones": {
        "LeftArm": {
          "rotation": [ "query.is_riding ? 0.0 : ((math.cos(query.life_time * 20.0 * 10.89) * 28.65) + (math.sin(variable.attack_time * 180.0) * 68.76 - (math.sin((1.0 - (1.0 - variable.attack_time) * (1.0 - variable.attack_time)) * 180.0)) * 22.92))", 0.0, 0.0 ]
        },
        "LeftArm2": {
          "rotation": [ "query.is_riding ? 0.0 : ((math.cos(query.life_time * 20.0 * 10.89) * 28.65) + (math.sin(variable.attack_time * 180.0) * 68.76 - (math.sin((1.0 - (1.0 - variable.attack_time) * (1.0 - variable.attack_time)) * 180.0)) * 22.92))", 0.0, 0.0 ]
        },
        "RightArm": {
          "rotation": [ "(-108 + math.cos(query.life_time * 20.0 * 3.84) * 2.87) + (math.sin(variable.attack_time * 180.0) * 126.05 - (math.sin((1.0 - (1.0 - variable.attack_time) * (1.0 - variable.attack_time)) * 180.0)) * 22.92)", 0.0, 0.0 ]
        },
        "RightArm2": {
          "rotation": [ "(-108 + math.cos(query.life_time * 20.0 * 3.84) * 2.87) + (math.sin(variable.attack_time * 180.0) * 126.05 - (math.sin((1.0 - (1.0 - variable.attack_time) * (1.0 - variable.attack_time)) * 180.0)) * 22.92)", 0.0, 0.0 ]
        }
      }
    },
    "animation.cmm.vindicator.hand_attack.v1.0": {
      "loop": true,
      "bones": {
        "LeftArm": {
          "rotation": [ "(-108 + math.cos(query.life_time * 20.0 * 3.84) * 2.87) + (math.sin(variable.attack_time * 180.0) * 126.05 - (math.sin((1.0 - (1.0 - variable.attack_time) * (1.0 - variable.attack_time)) * 180.0)) * 22.92)", 0.0, 0.0 ]
        },
        "LeftArm2": {
          "rotation": [ "(-108 + math.cos(query.life_time * 20.0 * 3.84) * 2.87) + (math.sin(variable.attack_time * 180.0) * 126.05 - (math.sin((1.0 - (1.0 - variable.attack_time) * (1.0 - variable.attack_time)) * 180.0)) * 22.92)", 0.0, 0.0 ]
        },
        "RightArm": {
          "rotation": [ "(-108 + math.cos(query.life_time * 20.0 * 3.84) * 2.87) + (math.sin(variable.attack_time * 180.0) * 126.05 - (math.sin((1.0 - (1.0 - variable.attack_time) * (1.0 - variable.attack_time)) * 180.0)) * 22.92)", 0.0, 0.0 ]
        },
        "RightArm2": {
          "rotation": [ "(-108 + math.cos(query.life_time * 20.0 * 3.84) * 2.87) + (math.sin(variable.attack_time * 180.0) * 126.05 - (math.sin((1.0 - (1.0 - variable.attack_time) * (1.0 - variable.attack_time)) * 180.0)) * 22.92)", 0.0, 0.0 ]
        }
      }
    },
    "animation.cmm.vindicator.riding.arms.v1.0": {
      "loop": true,
      "bones": {
        "LeftArm": {
          "rotation": [ -36.0, 0.0, 0.0 ]
        },
        "LeftArm2": {
          "rotation": [ -36.0, 0.0, 0.0 ]
        },
        "RightArm": {
          "rotation": [ -36.0, 0.0, 0.0 ]
        },
        "RightArm2": {
          "rotation": [ -36.0, 0.0, 0.0 ]
        }
      }
    },
    "animation.cmm.vindicator.riding.arms.attack.v1.0": {
      "loop": true,
      "bones": {
        "LeftArm": {
          "rotation": [ -36.0, 0.0, 0.0 ]
        },
        "LeftArm2": {
          "rotation": [ -36.0, 0.0, 0.0 ]
        }
      }
    },
    "animation.cmm.vindicator.riding.legs.v1.0": {
      "loop": true,
      "bones": {
        "RightLeg": {
          "rotation": [ "-72.0 - this", "18.0 - this", "-this" ]
        },
        "RightLeg2": {
          "rotation": [ "-72.0 - this", "18.0 - this", "-this" ]
        },
        "LeftLeg": {
          "rotation": [ "-72.0 - this", "-18.0 - this", "-this" ]
        },
        "LeftLeg2": {
          "rotation": [ "-72.0 - this", "-18.0 - this", "-this" ]
        }
      }
    }
  }
}