{
  "format_version": "1.8.0",
  "animations": {
    "animation.cmm.silverfish.riding.v1.0": {
      "loop": true,
      "override_previous_animation": true,
      "bones": {
        "root": {
          "position": [ 0, -8, 0 ]
        },
        "RightArm": {
          "rotation": [ -36, 0, 0 ]
        },
        "RightArm2": {
          "rotation": [ -36, 0, 0 ]
        },
        "LeftArm": {
          "rotation": [ -36, 0, 0 ]
        },
        "LeftArm2": {
          "rotation": [ -36, 0, 0 ]
        },
        "Skirt2": {
          "rotation": [ -70, 0, 0 ],
          "position": [ 0, 0.5, -0.5 ]
        },
        "Skirt3": {
          "rotation": [ -70, 0, 0 ],
          "position": [ 0, 0.5, -0.5 ]
        },
        "RightLeg": {
          "rotation": [ -72, 18, 0 ],
          "position": [ 0, 1.65, -0.5 ]
        },
        "RightLeg2": {
          "rotation": [ -72, 18, 0 ],
          "position": [ 0, 1.65, -0.5 ]
        },
        "LeftLeg": {
          "rotation": [ -72, -18, 0 ],
          "position": [ 0, 1.65, -0.5 ]
        },
        "LeftLeg2": {
          "rotation": [ -72, -18, 0 ],
          "position": [ 0, 1.65, -0.5 ]
        }
      }
    }
  }
}