﻿{
  "format_version": "1.8.0",
  "animations": {
    "animation.cmm.piglin.crossbow.charge.v1.0": {
      "bones": {
        "LeftArm": {
          "rotation": [ "math.lerp(-90.0 + 34.38, -90.0, variable.crossbow_charge)  -this", "math.lerp(22.92, 48.70, variable.crossbow_charge) -this", 0 ]
        },
        "LeftArm2": {
          "rotation": [ "math.lerp(-90.0 + 34.38, -90.0, variable.crossbow_charge)  -this", "math.lerp(22.92, 48.70, variable.crossbow_charge) -this", 0 ]
        },
        "RightArm": {
          "rotation": [ "-90.0 + 34.38 -this", "-45.84 -this", 0 ]
        },
        "RightArm2": {
          "rotation": [ "-90.0 + 34.38 -this", "-45.84 -this", 0 ]
        }
      },
      "loop": true
    },
    "animation.cmm.piglin.crossbow.hold.v1.0": {
      "bones": {
        "LeftArm": {
          "rotation": [ "-85.94 + query.target_x_rotation -this", "34.38 + math.clamp(query.target_y_rotation, -45, 25) -this", 0 ]
        },
        "LeftArm2": {
          "rotation": [ "-85.94 + query.target_x_rotation -this", "34.38 + math.clamp(query.target_y_rotation, -45, 25) -this", 0 ]
        },
        "RightArm": {
          "rotation": [ "-90.0 + 5.73 + query.target_x_rotation -this", "-17.19 + math.clamp(query.target_y_rotation, -25, 45) -this", 0 ]
        },
        "RightArm2": {
          "rotation": [ "-90.0 + 5.73 + query.target_x_rotation -this", "-17.19 + math.clamp(query.target_y_rotation, -25, 45) -this", 0 ]
        }
      },
      "loop": true
    },
    "animation.cmm.piglin.sword.attack.v1.0": {
      "bones": {
        "LeftArm": {
          "rotation": [ "(math.cos(query.life_time * 20.0 * 10.89) * 28.65) + (math.sin(variable.attack_time * 180.0) * 68.76 - (math.sin((1.0 - (1.0 - variable.attack_time) * (1.0 - variable.attack_time)) * 180.0)) * 22.92)", 0, 0 ]
        },
        "LeftArm2": {
          "rotation": [ "(math.cos(query.life_time * 20.0 * 10.89) * 28.65) + (math.sin(variable.attack_time * 180.0) * 68.76 - (math.sin((1.0 - (1.0 - variable.attack_time) * (1.0 - variable.attack_time)) * 180.0)) * 22.92)", 0, 0 ]
        },
        "RightArm": {
          "rotation": [ "-100 + (variable.attack2 * 2.2 - variable.attack * 0.4) + variable.x_bob - this", "variable.attack2 * 0.6 - 5.73 - this", "variable.z_bob - this" ]
        },
        "RightArm2": {
          "rotation": [ "-100 + (variable.attack2 * 2.2 - variable.attack * 0.4) + variable.x_bob - this", "variable.attack2 * 0.6 - 5.73 - this", "variable.z_bob - this" ]
        }
      },
      "loop": true
    },
    "animation.cmm.piglin.sword.attack.java.v1.0": {
      "bones": {
        "RightArm": {
          "rotation": [ "-100 + (variable.attack2 * 2.2 - variable.attack * 0.4) + variable.x_bob - this", "variable.attack2 * 0.6 - 5.73 - this", "variable.z_bob - this" ]
        },
        "RightArm2": {
          "rotation": [ "-100 + (variable.attack2 * 2.2 - variable.attack * 0.4) + variable.x_bob - this", "variable.attack2 * 0.6 - 5.73 - this", "variable.z_bob - this" ]
        }
      },
      "loop": true
    },
    "animation.cmm.piglin.hand.attack.v1.0": {
      "bones": {
        "LeftArm": {
          "rotation": [ "-(math.sin((1 - math.pow((1 - variable.attack_time), 4)) * 180) * 1.2 + math.sin(variable.attack_time * 180)) * 10.0", 0.0, 0.0 ]
        },
        "LeftArm2": {
          "rotation": [ "-(math.sin((1 - math.pow((1 - variable.attack_time), 4)) * 180) * 1.2 + math.sin(variable.attack_time * 180)) * 10.0", 0.0, 0.0 ]
        },
        "RightArm": {
          "rotation": [ "-(math.sin((1 - math.pow((1 - variable.attack_time), 4)) * 180) * 1.2 + math.sin(variable.attack_time * 180)) * 30.0", "-(math.sin((1 - math.pow((1 - variable.attack_time), 4)) * 180) ? (-90.0 * math.sin((1 - math.pow((1 - variable.attack_time), 4)) * 180)) + 30.0 : 0.0)", 0.0 ]
        },
        "RightArm2": {
          "rotation": [ "-(math.sin((1 - math.pow((1 - variable.attack_time), 4)) * 180) * 1.2 + math.sin(variable.attack_time * 180)) * 30.0", "-(math.sin((1 - math.pow((1 - variable.attack_time), 4)) * 180) ? (-90.0 * math.sin((1 - math.pow((1 - variable.attack_time), 4)) * 180)) + 30.0 : 0.0)", 0.0 ]
        }
      },
      "loop": true
    },
    "animation.cmm.piglin.move.v1.0": {
      "loop": true,
      "bones": {
        "LeftPiglinEar": {
          "rotation": [ 0, 0, "variable.tcos0 * 0.5" ]
        },
        "RightPiglinEar": {
          "rotation": [ 0, 0, "-variable.tcos0 * 0.5" ]
        },
        "LeftArm": {
          "rotation": [ "variable.tcos0", 0, 0 ]
        },
        "LeftArm2": {
          "rotation": [ "variable.tcos0", 0, 0 ]
        },
        "LeftLeg": {
          "rotation": [ "-variable.tcos0 * 1.4", 0, 0 ]
        },
        "LeftLeg2": {
          "rotation": [ "-variable.tcos0 * 1.4", 0, 0 ]
        },
        "RightArm": {
          "rotation": [ "-variable.tcos0", 0, 0 ]
        },
        "RightArm2": {
          "rotation": [ "-variable.tcos0", 0, 0 ]
        },
        "RightLeg": {
          "rotation": [ "variable.tcos0 * 1.4", 0, 0 ]
        },
        "RightLeg2": {
          "rotation": [ "variable.tcos0 * 1.4", 0, 0 ]
        }
      }
    },
    "animation.cmm.piglin.move.java.v1.0": {
      "loop": true,
      "bones": {
        "LeftPiglinEar": {
          "rotation": [ 0, 0, "((math.cos(query.life_time * 103.2) * 2.865) + 2.865) *-1.0 + variable.tcos0 * 0.5" ]
        },
        "RightPiglinEar": {
          "rotation": [ 0, 0, "((math.cos(query.life_time * 113.2) * 2.865) + 2.865) *-1.0 - variable.tcos0 * 0.5" ]
        },
        "LeftArm": {
          "rotation": [ "variable.tcos0", 0, 0 ]
        },
        "LeftArm2": {
          "rotation": [ "variable.tcos0", 0, 0 ]
        },
        "LeftLeg": {
          "rotation": [ "-variable.tcos0 * 1.4", 0, 0 ]
        },
        "LeftLeg2": {
          "rotation": [ "-variable.tcos0 * 1.4", 0, 0 ]
        },
        "RightArm": {
          "rotation": [ "-variable.tcos0", 0, 0 ]
        },
        "RightArm2": {
          "rotation": [ "-variable.tcos0", 0, 0 ]
        },
        "RightLeg": {
          "rotation": [ "variable.tcos0 * 1.4", 0, 0 ]
        },
        "RightLeg2": {
          "rotation": [ "variable.tcos0 * 1.4", 0, 0 ]
        }
      }
    },
    "animation.cmm.piglin.admire.v1.0": {
      "loop": true,
      "bones": {
        "LeftArm": {
          "rotation": [ 320, 25, 0 ]
        },
        "LeftArm2": {
          "rotation": [ 320, 25, 0 ]
        },
        "Head": {
          "rotation": [ 30, 0, 0 ]
        },
        "Mask": {
          "rotation": [ 30, 0, 0 ]
        },
        "Hair": {
          "rotation": [ 30, 0, 0 ]
        },
        "Hat": {
          "rotation": [ 30, 0, 0 ]
        },
        "Hat1": {
          "rotation": [ 30, 0, 0 ]
        },
        "Hat2": {
          "rotation": [ 30, 0, 0 ]
        },
        "Hat3": {
          "rotation": [ 30, 0, 0 ]
        },
        "Hat4": {
          "rotation": [ 30, 0, 0 ]
        },
        "HTop": {
          "rotation": [ 30, 0, 0 ]
        },
        "HSide": {
          "rotation": [ 30, 0, 0 ]
        },
        "BHair": {
          "rotation": [ 30, 0, 0 ]
        },
        "PonyTail": {
          "rotation": [ 30, 0, 0 ]
        },
        "HBack": {
          "rotation": [ 30, 0, 0 ]
        },
        "HBack1": {
          "rotation": [ 30, 0, 0 ]
        },
        "HBack2": {
          "rotation": [ 30, 0, 0 ]
        },
        "RHair": {
          "rotation": [ 30, 0, 0 ]
        },
        "HRight": {
          "rotation": [ 30, 0, 0 ]
        },
        "HRight2": {
          "rotation": [ 30, 0, 0 ]
        },
        "HRight3": {
          "rotation": [ 30, 0, 0 ]
        },
        "LHair": {
          "rotation": [ 30, 0, 0 ]
        },
        "HLeft": {
          "rotation": [ 30, 0, 0 ]
        },
        "HLeft2": {
          "rotation": [ 30, 0, 0 ]
        },
        "HLeft3": {
          "rotation": [ 30, 0, 0 ]
        },
        "Hood1": {
          "rotation": [ 30, 0, 0 ]
        },
        "Hood2": {
          "rotation": [ 30, 0, 0 ]
        },
        "Hood3": {
          "rotation": [ 30, 0, 0 ]
        },
        "HBun": {
          "rotation": [ 30, 0, 0 ]
        },
        "RightAntenna": {
          "rotation": [ 30, 0, 0 ]
        },
        "LeftAntenna": {
          "rotation": [ 30, 0, 0 ]
        },
        "RightEar": {
          "rotation": [ 30, 0, 0 ]
        },
        "LeftEar": {
          "rotation": [ 30, 0, 0 ]
        },
        "RightEarMule": {
          "rotation": [ 30, 0, 0 ]
        },
        "LeftEarMule": {
          "rotation": [ 30, 0, 0 ]
        },
        "RightHorn": {
          "rotation": [ 30, 0, 0 ]
        },
        "LeftHorn": {
          "rotation": [ 30, 0, 0 ]
        },
        "RightEye": {
          "rotation": [ 30, 0, 0 ]
        },
        "LeftEye": {
          "rotation": [ 30, 0, 0 ]
        },
        "HighTwinTails": {
          "rotation": [ 30, 0, 0 ]
        },
        "LowTwinTails": {
          "rotation": [ 30, 0, 0 ]
        },
        "PonyTail": {
          "rotation": [ 30, 0, 0 ]
        },
        "ThickPonyTail": {
          "rotation": [ 30, 0, 0 ]
        }
      }
    },
    "animation.cmm.piglin.celebrate_hunt.v1.0": {
      "loop": true,
      "bones": {
        "LeftPiglinEar": {
          "rotation": [ 0, 0, "Math.sin(query.time_stamp * 30) * 10" ]
        },
        "RightPiglinEar": {
          "rotation": [ 0, 0, "Math.sin(query.time_stamp * 30) * -10" ]
        }
      }
    },
    "animation.cmm.piglin.celebrate_hunt_special.v1.0": {
      "loop": true,
      "bones": {
        "LeftPiglinEar": {
          "rotation": [ 0, 0, "Math.sin(query.time_stamp * 30) * 10" ]
        },
        "RightPiglinEar": {
          "rotation": [ 0, 0, "Math.sin(query.time_stamp * 30) * -10" ]
        },
        "Head": {
          "position": [ "Math.sin(query.time_stamp * 10)", "Math.sin(query.time_stamp * 40)", 0 ]
        },
        "Mask": {
          "position": [ "Math.sin(query.time_stamp * 10)", "Math.sin(query.time_stamp * 40)", 0 ]
        },
        "Hair": {
          "position": [ "Math.sin(query.time_stamp * 10)", "Math.sin(query.time_stamp * 40)", 0 ]
        },
        "Hat": {
          "position": [ "Math.sin(query.time_stamp * 10)", "Math.sin(query.time_stamp * 40)", 0 ]
        },
        "Hat1": {
          "position": [ "Math.sin(query.time_stamp * 10)", "Math.sin(query.time_stamp * 40)", 0 ]
        },
        "Hat2": {
          "position": [ "Math.sin(query.time_stamp * 10)", "Math.sin(query.time_stamp * 40)", 0 ]
        },
        "Hat3": {
          "position": [ "Math.sin(query.time_stamp * 10)", "Math.sin(query.time_stamp * 40)", 0 ]
        },
        "Hat4": {
          "position": [ "Math.sin(query.time_stamp * 10)", "Math.sin(query.time_stamp * 40)", 0 ]
        },
        "HTop": {
          "position": [ "Math.sin(query.time_stamp * 10)", "Math.sin(query.time_stamp * 40)", 0 ]
        },
        "HSide": {
          "position": [ "Math.sin(query.time_stamp * 10)", "Math.sin(query.time_stamp * 40)", 0 ]
        },
        "BHair": {
          "position": [ "Math.sin(query.time_stamp * 10)", "Math.sin(query.time_stamp * 40)", 0 ]
        },
        "PonyTail": {
          "position": [ "Math.sin(query.time_stamp * 10)", "Math.sin(query.time_stamp * 40)", 0 ]
        },
        "HBack": {
          "position": [ "Math.sin(query.time_stamp * 10)", "Math.sin(query.time_stamp * 40)", 0 ]
        },
        "HBack1": {
          "position": [ "Math.sin(query.time_stamp * 10)", "Math.sin(query.time_stamp * 40)", 0 ]
        },
        "HBack2": {
          "position": [ "Math.sin(query.time_stamp * 10)", "Math.sin(query.time_stamp * 40)", 0 ]
        },
        "RHair": {
          "position": [ "Math.sin(query.time_stamp * 10)", "Math.sin(query.time_stamp * 40)", 0 ]
        },
        "HRight": {
          "position": [ "Math.sin(query.time_stamp * 10)", "Math.sin(query.time_stamp * 40)", 0 ]
        },
        "HRight2": {
          "position": [ "Math.sin(query.time_stamp * 10)", "Math.sin(query.time_stamp * 40)", 0 ]
        },
        "HRight3": {
          "position": [ "Math.sin(query.time_stamp * 10)", "Math.sin(query.time_stamp * 40)", 0 ]
        },
        "LHair": {
          "position": [ "Math.sin(query.time_stamp * 10)", "Math.sin(query.time_stamp * 40)", 0 ]
        },
        "HLeft": {
          "position": [ "Math.sin(query.time_stamp * 10)", "Math.sin(query.time_stamp * 40)", 0 ]
        },
        "HLeft2": {
          "position": [ "Math.sin(query.time_stamp * 10)", "Math.sin(query.time_stamp * 40)", 0 ]
        },
        "HLeft3": {
          "position": [ "Math.sin(query.time_stamp * 10)", "Math.sin(query.time_stamp * 40)", 0 ]
        },
        "Hood1": {
          "position": [ "Math.sin(query.time_stamp * 10)", "Math.sin(query.time_stamp * 40)", 0 ]
        },
        "Hood2": {
          "position": [ "Math.sin(query.time_stamp * 10)", "Math.sin(query.time_stamp * 40)", 0 ]
        },
        "Hood3": {
          "position": [ "Math.sin(query.time_stamp * 10)", "Math.sin(query.time_stamp * 40)", 0 ]
        },
        "HBun": {
          "position": [ "Math.sin(query.time_stamp * 10)", "Math.sin(query.time_stamp * 40)", 0 ]
        },
        "RightAntenna": {
          "position": [ "Math.sin(query.time_stamp * 10)", "Math.sin(query.time_stamp * 40)", 0 ]
        },
        "LeftAntenna": {
          "position": [ "Math.sin(query.time_stamp * 10)", "Math.sin(query.time_stamp * 40)", 0 ]
        },
        "RightEar": {
          "position": [ "Math.sin(query.time_stamp * 10)", "Math.sin(query.time_stamp * 40)", 0 ]
        },
        "LeftEar": {
          "position": [ "Math.sin(query.time_stamp * 10)", "Math.sin(query.time_stamp * 40)", 0 ]
        },
        "RightEarMule": {
          "position": [ "Math.sin(query.time_stamp * 10)", "Math.sin(query.time_stamp * 40)", 0 ]
        },
        "LeftEarMule": {
          "position": [ "Math.sin(query.time_stamp * 10)", "Math.sin(query.time_stamp * 40)", 0 ]
        },
        "RightHorn": {
          "position": [ "Math.sin(query.time_stamp * 10)", "Math.sin(query.time_stamp * 40)", 0 ]
        },
        "LeftHorn": {
          "position": [ "Math.sin(query.time_stamp * 10)", "Math.sin(query.time_stamp * 40)", 0 ]
        },
        "RightEye": {
          "position": [ "Math.sin(query.time_stamp * 10)", "Math.sin(query.time_stamp * 40)", 0 ]
        },
        "LeftEye": {
          "position": [ "Math.sin(query.time_stamp * 10)", "Math.sin(query.time_stamp * 40)", 0 ]
        },
        "LeftEye": {
          "position": [ "Math.sin(query.time_stamp * 10)", "Math.sin(query.time_stamp * 40)", 0 ]
        },
        "HighTwinTails": {
          "position": [ "Math.sin(query.time_stamp * 10)", "Math.sin(query.time_stamp * 40)", 0 ]
        },
        "LowTwinTails": {
          "position": [ "Math.sin(query.time_stamp * 10)", "Math.sin(query.time_stamp * 40)", 0 ]
        },
        "PonyTail": {
          "position": [ "Math.sin(query.time_stamp * 10)", "Math.sin(query.time_stamp * 40)", 0 ]
        },
        "ThickPonyTail": {
          "position": [ "Math.sin(query.time_stamp * 10)", "Math.sin(query.time_stamp * 40)", 0 ]
        },
        "RightArm": {
          "rotation": [ 0, 0, "70 + Math.cos(query.time_stamp * 40) * 10" ]
        },
        "RightArm2": {
          "rotation": [ 0, 0, "70 + Math.cos(query.time_stamp * 40) * 10" ]
        },
        "LeftArm": {
          "rotation": [ 0, 0, "-70 - Math.cos(query.time_stamp * 40) * 10" ]
        },
        "LeftArm2": {
          "rotation": [ 0, 0, "-70 - Math.cos(query.time_stamp * 40) * 10" ]
        },
        "Neck": {
          "position": [ 0, "Math.sin(query.time_stamp * 40) * 0.35", 0 ]
        },
        "Neck1": {
          "position": [ 0, "Math.sin(query.time_stamp * 40) * 0.35", 0 ]
        },
        "Neck2": {
          "position": [ 0, "Math.sin(query.time_stamp * 40) * 0.35", 0 ]
        },
        "Body": {
          "position": [ 0, "Math.sin(query.time_stamp * 40) * 0.35", 0 ]
        },
        "Body2": {
          "position": [ 0, "Math.sin(query.time_stamp * 40) * 0.35", 0 ]
        },
        "Body3": {
          "position": [ 0, "Math.sin(query.time_stamp * 40) * 0.35", 0 ]
        },
        "BustTop": {
          "position": [ 0, "Math.sin(query.time_stamp * 40) * 0.35", 0 ]
        },
        "BustFront": {
          "position": [ 0, "Math.sin(query.time_stamp * 40) * 0.35", 0 ]
        },
        "BustBottom": {
          "position": [ 0, "Math.sin(query.time_stamp * 40) * 0.35", 0 ]
        },
        "Skirt1": {
          "position": [ 0, "Math.sin(query.time_stamp * 40) * 0.35", 0 ]
        },
        "Skirt2": {
          "position": [ 0, "Math.sin(query.time_stamp * 40) * 0.35", 0 ]
        },
        "Skirt3": {
          "position": [ 0, "Math.sin(query.time_stamp * 40) * 0.35", 0 ]
        },
        "Skirt4": {
          "position": [ 0, "Math.sin(query.time_stamp * 40) * 0.35", 0 ]
        }
      }
    }
  }
}