{
	"format_version": "1.8.0",
	"animations": {
		"animation.cmm.blaze.bob": {
			"loop": true,
			"bones": {
				"BHair": {
					"rotation": ["(math.cos(query.life_time * 116.1) * 7.19) + 7.19", 0, 0]
				},
				"RightArm": {
					"rotation": [0, 0, "(math.cos(query.life_time * 116.1) * 7.19) + 7.19"]
				},
				"LeftArm": {
					"rotation": [0, 0, "((math.cos(query.life_time * 116.1) * 7.19) + 7.19) *-1.0"]
				},
				"RightLeg": {
					"rotation": ["math.sin(query.life_time * 116.1) * -8.595", 0, 0]
				},
				"LeftLeg": {
					"rotation": ["math.sin(query.life_time * 116.1) * -10.785", 0, 0]
				},
				"World": {
					"position": [0, "(math.cos(query.life_time * 116.1) * 1.25) + 1.25", 0]
				}
			}
		},
		"animation.cmm.blaze.move": {
			"loop": true,
			"bones": {
				"LeftArm": {
					"rotation": ["variable.tcos0", 0, 0]
				},
				"RightArm": {
					"rotation": ["-variable.tcos0", 0, 0]
				},
				"upperbodyparts0": {
					"position": ["math.cos(query.life_time * -360.0        ) * 9.0", "2.0 + math.cos((0 * 2 + query.life_time * 20.0) * 14.32)", "math.sin(query.life_time * -360.0        ) * 9.0"]
				},
				"upperbodyparts1": {
					"position": ["math.cos(query.life_time * -360.0 +  90.0) * 9.0", "2.0 + math.cos((1 * 2 + query.life_time * 20.0) * 14.32)", "math.sin(query.life_time * -360.0 +  90.0) * 9.0"]
				},
				"upperbodyparts10": {
					"position": ["math.cos(query.life_time * -180.0 + 207.0) * 5.0", "-11.0 + math.cos((10 * 1.5 + query.life_time * 20.0) * 14.32)", "math.sin(query.life_time * -180.0 + 207.0) * 5.0"]
				},
				"upperbodyparts11": {
					"position": ["math.cos(query.life_time * -180.0 + 297.0) * 5.0", "-11.0 + math.cos((11 * 1.5 + query.life_time * 20.0) * 14.32)", "math.sin(query.life_time * -180.0 + 297.0) * 5.0"]
				},
				"upperbodyparts2": {
					"position": ["math.cos(query.life_time * -360.0 + 180.0) * 9.0", "2.0 + math.cos((2 * 2 + query.life_time * 20.0) * 14.32)", "math.sin(query.life_time * -360.0 + 180.0) * 9.0"]
				},
				"upperbodyparts3": {
					"position": ["math.cos(query.life_time * -360.0 + 270.0) * 9.0", "2.0 + math.cos((3 * 2 + query.life_time * 20.0) * 14.32)", "math.sin(query.life_time * -360.0 + 270.0) * 9.0"]
				},
				"upperbodyparts4": {
					"position": ["math.cos(query.life_time * 108.0 +  45.0) * 7.0", "-2.0 + math.cos((4 * 2 + query.life_time * 20.0) * 14.32)", "math.sin(query.life_time * 108.0 +  45.0) * 7.0"]
				},
				"upperbodyparts5": {
					"position": ["math.cos(query.life_time * 108.0 + 135.0) * 7.0", "-2.0 + math.cos((5 * 2 + query.life_time * 20.0) * 14.32)", "math.sin(query.life_time * 108.0 + 135.0) * 7.0"]
				},
				"upperbodyparts6": {
					"position": ["math.cos(query.life_time * 108.0 + 225.0) * 7.0", "-2.0 + math.cos((6 * 2 + query.life_time * 20.0) * 14.32)", "math.sin(query.life_time * 108.0 + 225.0) * 7.0"]
				},
				"upperbodyparts7": {
					"position": ["math.cos(query.life_time * 108.0 + 315.0) * 7.0", "-2.0 + math.cos((7 * 2 + query.life_time * 20.0) * 14.32)", "math.sin(query.life_time * 108.0 + 315.0) * 7.0"]
				},
				"upperbodyparts8": {
					"position": ["math.cos(query.life_time * -180.0 +  27.0) * 5.0", "-11.0 + math.cos((8 * 1.5 + query.life_time * 20.0) * 14.32)", "math.sin(query.life_time * -180.0 +  27.0) * 5.0"]
				},
				"upperbodyparts9": {
					"position": ["math.cos(query.life_time * -180.0 + 117.0) * 5.0", "-11.0 + math.cos((9 * 1.5 + query.life_time * 20.0) * 14.32)", "math.sin(query.life_time * -180.0 + 117.0) * 5.0"]
				}
			}
		},
		"animation.cmm.blaze.look_at_target.default": {
			"loop": true,
			"bones": {
				"Head": {
					"rotation": ["query.target_x_rotation", "query.target_y_rotation", 0]
				},
				"Neck": {
					"rotation": [0, "query.target_y_rotation * 0.5", 0]
				},
				"Neck1": {
					"rotation": [0, "query.target_y_rotation * 0.5", 0]
				},
				"BHair": {
					"rotation": ["-query.target_x_rotation", 0, 0]
				}
			}
		},
		"animation.cmm.blaze.look_at_target.gliding": {
			"loop": true,
			"bones": {
				"Head": {
					"rotation": [-45, "query.target_y_rotation", 0]
				},
				"Neck": {
					"rotation": [0, "query.target_y_rotation * 0.5", 0]
				},
				"Neck1": {
					"rotation": [0, "query.target_y_rotation * 0.5", 0]
				},
				"BHair": {
					"rotation": [45, 0, 0]
				}
			}
		},
		"animation.cmm.blaze.look_at_target.swimming": {
			"loop": true,
			"bones": {
				"Head": {
					"rotation": ["math.lerp(query.target_x_rotation, -45.0, variable.swim_amount)", "query.target_y_rotation", 0]
				},
				"Neck": {
					"rotation": [0, "query.target_y_rotation * 0.5", 0]
				},
				"Neck1": {
					"rotation": [0, "query.target_y_rotation * 0.5", 0]
				},
				"BHair": {
					"rotation": ["-math.lerp(query.target_x_rotation, -45.0, variable.swim_amount)", 0, 0]
				}
			}
		}
	}
}