{
  "format_version": "1.8.0",
  "animations": {
    "animation.cmm.cat.look_at_target.default": {
      "loop": true,
      "bones": {
        "Head": {
          "relative_to": { "rotation": "entity" },
          "rotation": [ "query.target_x_rotation", "query.target_y_rotation", 0 ]
        },
        "HRight": {
          "rotation": [ "-query.target_x_rotation", 0, 0 ]
        },
        "HRight2": {
          "rotation": [ "-query.target_x_rotation", 0, 0 ]
        },
        "HLeft": {
          "rotation": [ "-query.target_x_rotation", 0, 0 ]
        },
        "HLeft2": {
          "rotation": [ "-query.target_x_rotation", 0, 0 ]
        },
        "PonyTail": {
          "rotation": [ "-query.target_x_rotation", 0, 0 ]
        },
        "HBack": {
          "rotation": [ "-query.target_x_rotation", 0, 0 ]
        },
        "Neck": {
          "relative_to": { "rotation": "entity" },
          "rotation": [ 0, "query.target_y_rotation * 0.5", 0 ]
        },
        "Neck1": {
          "relative_to": { "rotation": "entity" },
          "rotation": [ 0, "query.target_y_rotation * 0.5", 0 ]
        }
      }
    },
    "animation.cmm.cat.look_at_target.gliding": {
      "loop": true,
      "bones": {
        "Head": {
          "rotation": [ -45, "query.target_y_rotation", 0 ]
        },
        "HRight": {
          "rotation": [ 45, 0, 0 ]
        },
        "HRight2": {
          "rotation": [ 45, 0, 0 ]
        },
        "HLeft": {
          "rotation": [ 45, 0, 0 ]
        },
        "HLeft2": {
          "rotation": [ 45, 0, 0 ]
        },
        "PonyTail": {
          "rotation": [ 45, 0, 0 ]
        },
        "HBack": {
          "rotation": [ 45, 0, 0 ]
        },
        "Neck": {
          "rotation": [ 0, "query.target_y_rotation * 0.5", 0 ]
        },
        "Neck1": {
          "rotation": [ 0, "query.target_y_rotation * 0.5", 0 ]
        }
      }
    },
    "animation.cmm.cat.look_at_target.swimming": {
      "loop": true,
      "bones": {
        "Head": {
          "rotation": [ "math.lerp(query.target_x_rotation, -45.0, variable.swim_amount)", "query.target_y_rotation", 0 ]
        },
        "HRight": {
          "rotation": [ "-math.lerp(query.target_x_rotation, -45.0, variable.swim_amount)", 0, 0 ]
        },
        "HRight2": {
          "rotation": [ "-math.lerp(query.target_x_rotation, -45.0, variable.swim_amount)", 0, 0 ]
        },
        "HLeft": {
          "rotation": [ "-math.lerp(query.target_x_rotation, -45.0, variable.swim_amount)", 0, 0 ]
        },
        "HLeft2": {
          "rotation": [ "-math.lerp(query.target_x_rotation, -45.0, variable.swim_amount)", 0, 0 ]
        },
        "PonyTail": {
          "rotation": [ "-math.lerp(query.target_x_rotation, -45.0, variable.swim_amount)", 0, 0 ]
        },
        "HBack": {
          "rotation": [ "-math.lerp(query.target_x_rotation, -45.0, variable.swim_amount)", 0, 0 ]
        },
        "Neck": {
          "rotation": [ 0, "query.target_y_rotation * 0.5", 0 ]
        },
        "Neck1": {
          "rotation": [ 0, "query.target_y_rotation * 0.5", 0 ]
        }
      }
    },
    "animation.cmm.cat.lie_down": {
      "loop": true,
      "bones": {
        "root": {
          "rotation": [ 0, 0, "math.lerprotate(0.0, 90.0, variable.liedownamount)" ],
          "position": [ 0, "variable.liedownamount * -12 + variable.lieonplayer * (12 + query.is_baby * 8)", 0 ]
        },
        "Head": {
          "rotation": [ 0, 0, 90 ]
        },
        "RightArm": {
          "rotation": [ -60, -60, 0 ],
          "position": [ 1, 0, 0 ]
        },
        "LeftArm": {
          "rotation": [ -140,-5, 0 ],
          "position": [ -1, 0, 0 ]
        },
        "Tail1": {
          "rotation": [ "math.lerprotate(this, -33.84, variable.liedownamounttail)", 0, 0 ]
        },
        "Tail2": {
          "rotation": [ "math.lerprotate(this, -68.92, variable.liedownamounttail)", 0, 0 ]
        },
        "RightLeg": {
          "rotation": [ 20, 0,-35 ]
        },
        "LeftLeg": {
          "rotation": [ -30, 0, -20 ]
        }
      }
    },
    "animation.cmm.cat.sit": {
      "loop": true,
      "bones": {
        "Tail1": {
          "rotation": [ "45 - this", 0, 0 ],
          "position": [ 0, -1, 1 ]
        },
        "Tail2": {
          "rotation": [ "45 - this", 0, 0 ]
        },
        "RightLeg": {
          "rotation": [ -90, 0, 0 ]
        },
        "LeftLeg": {
          "rotation": [ -90, 0, 0 ]
        },
        "root": {
          "position": [ 0, -6, 0 ]
        }
      }
    },
    "animation.cmm.cat.sneak": {
      "loop": true,
      "bones": {
        "RightArm": {
          "rotation": [ "-10 - this", 0, 0 ]
        },
        "LeftArm": {
          "rotation": [ "-10 - this", 0, 0 ]
        },
        "Tail2": {
          "rotation": [ "62.0 + math.cos(query.modified_distance_moved * 57.3) * 27.0 * query.modified_move_speed - this", 0, 0 ]
        },
        "RightLeg": {
          "rotation": [ "-13 - this", 0, 0 ]
        },
        "LeftLeg": {
          "rotation": [ "-13 - this", 0, 0 ]
        },
        "root": {
          "rotation": [ "15.0 - this", 0, 0 ],
          "position": [ 0, "-10.5 - this", 0 ]
        }
      }
    },
    "animation.cmm.cat.sprint" : {
      "loop": true,
      "bones": {
        "Tail1": {
          "rotation": [ "-this", 0, 0 ]
        },
        "Tail2": {
          "rotation" : [ "62.0 + math.cos(query.modified_distance_moved * 57.3) * 18.0 * query.modified_move_speed - this", 0.0, 0.0 ]
        }
      }
    },
    "animation.cmm.cat.walk": {
      "loop": true,
      "bones": {
        "tail1" : {
          "rotation" : [ "-51.57 - this", 0, 0 ]
        },
        "Tail2": {
          "rotation" : [ "62.0 + math.cos(query.modified_distance_moved * 57.3) * 45.0 * query.modified_move_speed - this", 0.0, 0.0 ]
        }
      }
    }
  }
}