{
  "format_version": "1.8.0",
  "minecraft:client_entity": {
    "description": {
      "identifier": "minecraft:axolotl",
      "materials": {
        "default": "cmm.axolotl"
      },
      "textures": {
        "blue": "textures/cmm/axolotl/axolotl_blue",
        "cyan": "textures/cmm/axolotl/axolotl_cyan",
        "gold": "textures/cmm/axolotl/axolotl_gold",
        "lucy": "textures/cmm/axolotl/axolotl_lucy",
        "wild": "textures/cmm/axolotl/axolotl_wild"
      },
      "geometry": {
        "default": "geometry.cmm.axolotl"
      },
      "animations": {
        "cmm_big_head": "animation.cmm.big_head",
        "move.legs": "animation.cmm.move.legs",
        "jump.arms": "animation.cmm.jump.arms",
        "idle_float": "animation.cmm.axolotl.idle_underwater",
        "idle_floor": "animation.cmm.axolotl.idle_floor",
        "idle_floor_water": "animation.cmm.axolotl.idle_floor_underwater",
        "swim": "animation.cmm.axolotl.swim",
        "walk_floor": "animation.cmm.axolotl.walk_floor",
        "walk_floor_water": "animation.cmm.axolotl.walk_floor_underwater",
        "play_dead": "animation.cmm.axolotl.play_dead",
        "swim_angle": "animation.cmm.axolotl.swim_angle",
        "look_at_target": "animation.common.look_at_target"
      },
      "scripts": {
        "pre_animation": [
          "variable.tcos0 = (Math.cos(query.modified_distance_moved * 38.17) * query.modified_move_speed / variable.gliding_speed_value) * 57.3;",
          "variable.moving = query.ground_speed > 0 || query.vertical_speed > 0;",
          "variable.pitch = query.body_x_rotation;"
        ]
      },
      "animation_controllers": [
        { "cmm_baby_big_head": "controller.animation.cmm.baby_big_head" },
        { "general": "controller.animation.cmm.axolotl.general" },
        { "move": "controller.animation.cmm.axolotl.move" }
      ],
      "render_controllers": [ "controller.render.cmm.axolotl" ],
      "spawn_egg": {
        "base_color": "#0xfbc1e3",
        "overlay_color": "#0xa62d74"
      }
    }
  }
}