{
  "format_version": "1.8.0",
  "minecraft:client_entity": {
    "description": {
      "identifier": "minecraft:cat",
      "min_engine_version": "1.8.0",
      "materials": { "default": "cmm.cat" },
      "geometry": {
        "default": "geometry.cmm.cat.v1.8"
      },
      "textures": {
        "white": "textures/cmm/cat/white",
        "black": "textures/cmm/cat/tuxedo",
        "red": "textures/cmm/cat/redtabby",
        "siamese": "textures/cmm/cat/siamesecat",
        "british": "textures/cmm/cat/britishshorthair",
        "calico": "textures/cmm/cat/calico",
        "persian": "textures/cmm/cat/persian",
        "ragdoll": "textures/cmm/cat/ragdoll",
        "tabby": "textures/cmm/cat/tabby",
        "jellie": "textures/cmm/cat/jellie", 
        "all_black": "textures/cmm/cat/allblackcat",
        "white_tame": "textures/cmm/cat/white_tame",
        "black_tame": "textures/cmm/cat/tuxedo_tame",
        "red_tame": "textures/cmm/cat/redtabby_tame",
        "siamese_tame": "textures/cmm/cat/siamesecat_tame",
        "british_tame": "textures/cmm/cat/britishshorthair_tame",
        "calico_tame": "textures/cmm/cat/calico_tame",
        "persian_tame": "textures/cmm/cat/persian_tame",
        "ragdoll_tame": "textures/cmm/cat/ragdoll_tame",
        "tabby_tame": "textures/cmm/cat/tabby_tame",
        "all_black_tame": "textures/cmm/cat/allblackcat_tame",
        "jellie_tame":  "textures/cmm/cat/jellie_tame"
      },
      "scripts": {
        "pre_animation": [
          "variable.tcos0 = (Math.cos(query.modified_distance_moved * 38.17) * query.modified_move_speed / variable.gliding_speed_value) * 28.65;"
        ]
      },
      "animations": {
        "cmm_big_head": "animation.cmm.big_head",
        "look_at_target_default": "animation.cmm.cat.look_at_target.default",
        "look_at_target_gliding": "animation.cmm.cat.look_at_target.gliding",
        "look_at_target_swimming": "animation.cmm.cat.look_at_target.swimming",
        "move": "animation.cmm.move",
        "walk": "animation.cmm.cat.walk",
        "sprint": "animation.cmm.cat.sprint",
        "riding.arms": "animation.cmm.riding.arms",
        "riding.legs": "animation.cmm.riding.legs",
        "sit": "animation.cmm.cat.sit",
        "sneak": "animation.cmm.cat.sneak",
        "brandish_spear": "animation.cmm.brandish_spear",
        "charging": "animation.cmm.charging",
        "attack.rotations": "animation.cmm.attack.rotations",
        "bob": "animation.cmm.bob",
        "damage_nearby_mobs": "animation.cmm.damage_nearby_mobs",
        "swimming": "animation.cmm.swimming",
        "use_item_progress": "animation.cmm.use_item_progress",
        "lie_down": "animation.cmm.cat.lie_down"
      },
      "animation_controllers": [
        { "cmm_baby_big_head": "controller.animation.cmm.baby_big_head" },
        { "look_at_target": "controller.animation.cmm.look_at_target" },
        { "move": "controller.animation.cmm.cat.move" },
        { "riding": "controller.animation.cmm.riding" },
        { "brandish_spear": "controller.animation.cmm.brandish_spear" },
        { "charging": "controller.animation.cmm.charging" },
        { "attack": "controller.animation.cmm.attack" },
        { "bob": "controller.animation.cmm.bob" },
        { "damage_nearby_mobs": "controller.animation.cmm.damage_nearby_mobs" },
        { "swimming": "controller.animation.cmm.swimming" },
        { "use_item_progress": "controller.animation.cmm.use_item_progress" }
      ],
      "render_controllers": [ "controller.render.cmm.cat" ],
      "enable_attachables": true,
      "spawn_egg": {
        "texture": "spawn_egg",
        "texture_index": 53
      }
    }
  }
}