{
  "format_version": "1.8.0",
  "minecraft:client_entity": {
    "description": {
      "identifier": "minecraft:cod",
      "min_engine_version": "1.8.0",
      "materials": { "default": "cmm.cod" },
      "textures": {
        "default": "textures/cmm/fish/cod"
      },
      "geometry": {
        "default": "geometry.cmm.cod.v1.8"
      },
      "scripts": {
        "pre_animation": [
          "variable.tcos0 = (Math.cos(query.modified_distance_moved * 38.17) * query.modified_move_speed / variable.gliding_speed_value) * 57.3;",
          "variable.ZRot = !query.is_in_water ? Math.cos((query.time_stamp + query.frame_alpha) * 14.32) * 90 : 0.0;",
          "variable.AnimationAmountBlend = Math.lerp(variable.AnimationAmountPrev, variable.AnimationAmount, query.frame_alpha);"
        ]
      },
      "animations": {
        "look_at_target_default": "animation.cmm.look_at_target.default",
        "look_at_target_gliding": "animation.cmm.look_at_target.gliding",
        "look_at_target_swimming": "animation.cmm.look_at_target.swimming",
        "riding.arms": "animation.cmm.riding.arms",
        "riding.legs": "animation.cmm.riding.legs",
        "brandish_spear": "animation.cmm.brandish_spear",
        "charging": "animation.cmm.charging",
        "attack.rotations": "animation.cmm.attack.rotations",
        "bob": "animation.cmm.bob",
        "damage_nearby_mobs": "animation.cmm.damage_nearby_mobs",
        "swimming": "animation.cmm.swimming",
        "use_item_progress": "animation.cmm.use_item_progress",
        "flop": "animation.cmm.cod.flop",
        "swim": "animation.cmm.cod.swim"
      },
      "animation_controllers": [
        { "general": "controller.animation.cmm.fish.general" },
        { "look_at_target": "controller.animation.cmm.look_at_target" },
        { "riding": "controller.animation.cmm.riding" },
        { "brandish_spear": "controller.animation.cmm.brandish_spear" },
        { "charging": "controller.animation.cmm.charging" },
        { "attack": "controller.animation.cmm.attack" },
        { "bob": "controller.animation.cmm.bob" },
        { "damage_nearby_mobs": "controller.animation.cmm.damage_nearby_mobs" },
        { "swimming": "controller.animation.cmm.swimming" },
        { "use_item_progress": "controller.animation.cmm.use_item_progress" }
      ],
      "render_controllers": [ "controller.render.cmm.cod" ],
      "enable_attachables": true,
      "spawn_egg": {
        "texture": "spawn_egg",
        "texture_index": 45
      }
    }
  }
}