{
  "format_version": "1.8.0",
  "minecraft:client_entity": {
    "description": {
      "identifier": "minecraft:elder_guardian",
      "materials": {
        "default": "cmm.guardian",
        "ghost": "cmm.guardian_ghost"
      },
      "textures": {
        "default": "textures/cmm/guardian",
        "elder": "textures/cmm/guardian_elder",
        "beam": "textures/entity/guardian_beam"
      },
      "geometry": {
        "default": "geometry.cmm.elder_guardian",
        "ghost": "geometry.cmm.elder_guardian"
      },
      "animations": {
        "cmm_base_pose": "animation.cmm.base_pose.v1.0",
        "look_at_target_default": "animation.cmm.look_at_target.default.v1.0",
        "look_at_target_gliding": "animation.cmm.look_at_target.gliding.v1.0",
        "look_at_target_swimming": "animation.cmm.look_at_target.swimming.v1.0",
        "brandish_spear": "animation.cmm.brandish_spear.v1.0",
        "charging": "animation.cmm.charging.v1.0",
        "attack.rotations": "animation.cmm.attack.rotations.v1.0",
        "bob": "animation.cmm.bob.v1.0",
        "damage_nearby_mobs": "animation.cmm.damage_nearby_mobs.v1.0",
        "swim": "animation.cmm.guardian.swim.v1.0",
        "use_item_progress": "animation.cmm.use_item_progress.v1.0"
      },
      "scripts": {
        "pre_animation": [
          "variable.tail_animation_speed = query.life_time < 0.1 ? 0.0 : (!query.is_in_water ? 2.0 : query.is_moving ? (variable.tail_animation_speed < 0.5 ? 4.0 : variable.tail_animation_speed + (0.5 - variable.tail_animation_speed) * 0.1) : variable.tail_animation_speed + (0.125 - variable.tail_animation_speed) * 0.2);",
          "variable.tail_swim = query.life_time < 0.1 ? 0.0 : (variable.tail_swim + variable.tail_animation_speed);",
          "variable.tail_base_angle = Math.sin(variable.tail_swim*20.0);",
          "variable.tcos0 = (Math.cos(query.modified_distance_moved * 38.17) * query.modified_move_speed / variable.gliding_speed_value) * 28.65;"
        ],
        "scale": "1.2"
      },
      "animation_controllers": [
        { "cmm_base_pose": "controller.animation.cmm.base_pose" },
        { "look_at_target": "controller.animation.cmm.look_at_target" },
        { "brandish_spear": "controller.animation.cmm.brandish_spear" },
        { "charging": "controller.animation.cmm.charging" },
        { "attack": "controller.animation.cmm.attack" },
        { "bob": "controller.animation.cmm.bob" },
        { "damage_nearby_mobs": "controller.animation.cmm.damage_nearby_mobs" },
        { "swim": "controller.animation.cmm.guardian.swim" },
        { "use_item_progress": "controller.animation.cmm.use_item_progress" }
      ],
      "render_controllers": [ "controller.render.cmm.guardian" ],
      "enable_attachables": true,
      "spawn_egg": {
        "texture": "spawn_egg",
        "texture_index": 36
      }
    }
  }
}
