{
  "format_version": "1.8.0",
  "minecraft:client_entity": {
    "description": {
      "identifier": "minecraft:evocation_illager",
      "materials": {
        "default": "cmm.evoker"
      },
      "textures": {
        "default": "textures/cmm/illager/evoker",
        "default2": "textures/cmm/illager/evoker/evoker2",
        "default3": "textures/cmm/illager/evoker/evoker3",
        "default4": "textures/cmm/illager/evoker/evoker4",
        "default5": "textures/cmm/illager/evoker/evoker5",
        "default6": "textures/cmm/illager/evoker/evoker6",
        "default7": "textures/cmm/illager/evoker/evoker7",
        "default8": "textures/cmm/illager/evoker/evoker8",
        "default9": "textures/cmm/illager/evoker/evoker9",
        "default10": "textures/cmm/illager/evoker/evoker10",
        "default11": "textures/cmm/illager/evoker/evoker11",
        "default12": "textures/cmm/illager/evoker/evoker12",
        "default13": "textures/cmm/illager/evoker/evoker13",
        "default14": "textures/cmm/illager/evoker/evoker14",
        "default15": "textures/cmm/illager/evoker/evoker15",
        "default16": "textures/cmm/illager/evoker/evoker16",
        "default17": "textures/cmm/illager/evoker/evoker17",
        "default18": "textures/cmm/illager/evoker/evoker18"
      },
      "geometry": {
        "default": "geometry.cmm.evoker"
      },
      "scripts": {
        "pre_animation": [
          "variable.tcos0 = (Math.cos(query.modified_distance_moved * 38.17) * query.modified_move_speed / variable.gliding_speed_value) * 57.3;"
        ],
        "scale": "0.9375"
      },
      "animations": {
        "cmm_base_pose": "animation.cmm.base_pose.v1.0",
        "look_at_target_default": "animation.cmm.look_at_target.default.v1.0",
        "look_at_target_gliding": "animation.cmm.look_at_target.gliding.v1.0",
        "look_at_target_swimming": "animation.cmm.look_at_target.swimming.v1.0",
        "move": "animation.cmm.move.v1.0",
        "riding.arms": "animation.cmm.riding.arms.v1.0",
        "riding.legs": "animation.cmm.riding.legs.v1.0",
        "brandish_spear": "animation.cmm.brandish_spear.v1.0",
        "charging": "animation.cmm.charging.v1.0",
        "attack.rotations": "animation.cmm.attack.rotations.v1.0",
        "bob": "animation.cmm.bob.v1.0",
        "damage_nearby_mobs": "animation.cmm.damage_nearby_mobs.v1.0",
        "swimming": "animation.cmm.swimming.v1.0",
        "use_item_progress": "animation.cmm.use_item_progress.v1.0",
        "casting": "animation.cmm.evoker.casting.v1.0",
        "celebrating": "animation.cmm.celebrating.v1.0"
      },
      "animation_controllers": [
        { "cmm_base_pose": "controller.animation.cmm.base_pose" },
        { "look_at_target": "controller.animation.cmm.look_at_target" },
        { "move": "controller.animation.cmm.evoker.move" },
        { "riding.arms": "controller.animation.cmm.evoker.riding.arms" },
        { "riding.legs": "controller.animation.cmm.riding.legs" },
        { "brandish_spear": "controller.animation.cmm.brandish_spear" },
        { "charging": "controller.animation.cmm.charging" },
        { "attack": "controller.animation.cmm.attack" },
        { "bob": "controller.animation.cmm.bob" },
        { "damage_nearby_mobs": "controller.animation.cmm.damage_nearby_mobs" },
        { "swimming": "controller.animation.cmm.swimming" },
        { "use_item_progress": "controller.animation.cmm.use_item_progress" }
      ],
      "particle_effects": {
        "spell": "minecraft:evoker_spell"
      },
      "render_controllers": [ "controller.render.cmm.evoker" ],
      "enable_attachables": true,
      "spawn_egg": {
        "texture": "spawn_egg",
        "texture_index": 40
      }
    }
  }
}