{
  "format_version": "1.8.0",
  "minecraft:client_entity": {
    "description": {
      "identifier": "minecraft:glow_squid",
      "min_engine_version": "1.8.0",
      "materials": { "default": "cmm.glow_squid" },
      "textures": {
        "default": "textures/cmm/glow_squid"
      },
      "geometry": {
        "default": "geometry.cmm.squid.v1.8"
      },
      "scripts": {
        "pre_animation": [
          "variable.tcos0 = (Math.cos(query.modified_distance_moved * 38.17) * query.modified_move_speed / variable.gliding_speed_value) * 57.3;"
        ]
      },
      "animations": {
        "look_at_target_default": "animation.cmm.squid.look_at_target.default",
        "look_at_target_gliding": "animation.cmm.squid.look_at_target.gliding",
        "look_at_target_swimming": "animation.cmm.squid.look_at_target.swimming",
        "move": "animation.cmm.squid.move",
        "squid_rotate": "animation.cmm.squid.rotate",
        "brandish_spear": "animation.cmm.brandish_spear",
        "charging": "animation.cmm.charging",
        "attack.rotations": "animation.cmm.attack.rotations",
        "bob": "animation.cmm.bob",
        "damage_nearby_mobs": "animation.cmm.damage_nearby_mobs",
        "swimming": "animation.cmm.swimming",
        "use_item_progress": "animation.cmm.use_item_progress"
      },
      "animation_controllers": [
        { "look_at_target": "controller.animation.cmm.look_at_target" },
        { "move": "controller.animation.cmm.squid.move" },
        { "brandish_spear": "controller.animation.cmm.brandish_spear" },
        { "charging": "controller.animation.cmm.charging" },
        { "attack": "controller.animation.cmm.attack" },
        { "bob": "controller.animation.cmm.bob" },
        { "damage_nearby_mobs": "controller.animation.cmm.damage_nearby_mobs" },
        { "swimming": "controller.animation.cmm.swimming" },
        { "use_item_progress": "controller.animation.cmm.use_item_progress" }
      ],
      "render_controllers": [ "controller.render.cmm.glow_squid" ],
      "enable_attachables": true,
      "spawn_egg": {
        "base_color": "#0x095656",
        "overlay_color": "#0x85f1bc"
      }
    }
  }
}