{
  "format_version": "1.8.0",
  "minecraft:client_entity": {
    "description": {
      "identifier": "minecraft:pillager",
      "materials": {
        "default": "cmm.pillager"
      },
      "textures": {
        "default": "textures/cmm/pillager",
        "default2": "textures/cmm/pillager/pillager2",
        "default3": "textures/cmm/pillager/pillager3",
        "default4": "textures/cmm/pillager/pillager4",
        "default5": "textures/cmm/pillager/pillager5",
        "default6": "textures/cmm/pillager/pillager6",
        "default7": "textures/cmm/pillager/pillager7",
        "default8": "textures/cmm/pillager/pillager8",
        "default9": "textures/cmm/pillager/pillager9",
        "default10": "textures/cmm/pillager/pillager10",
        "default11": "textures/cmm/pillager/pillager11",
        "default12": "textures/cmm/pillager/pillager12",
        "default13": "textures/cmm/pillager/pillager13",
        "default14": "textures/cmm/pillager/pillager14",
        "default15": "textures/cmm/pillager/pillager15"
      },
      "geometry": {
        "default": "geometry.cmm.pillager"
      },
      "spawn_egg": {
        "texture": "spawn_egg",
        "texture_index": 56
      },
      "scripts": {
        "pre_animation": [
          "variable.tcos0 = (Math.cos(query.modified_distance_moved * 38.17) * query.modified_move_speed / variable.gliding_speed_value) * 28.65;"
        ],
        "scale": "0.9375"
      },
      "animations": {
        "cmm_base_pose": "animation.cmm.base_pose.v1.0",
        "look_at_target_default": "animation.cmm.look_at_target.default.v1.0",
        "look_at_target_gliding": "animation.cmm.look_at_target.gliding.v1.0",
        "look_at_target_swimming": "animation.cmm.look_at_target.swimming.v1.0",
        "move": "animation.cmm.move.v1.0",
        "riding.arms": "animation.cmm.riding.arms.v1.0",
        "riding.legs": "animation.cmm.riding.legs.v1.0",
        "brandish_spear": "animation.cmm.brandish_spear.v1.0",
        "charging": "animation.cmm.charging.v1.0",
        "attack.rotations": "animation.cmm.attack.rotations.v1.0",
        "bob": "animation.cmm.bob.v1.0",
        "damage_nearby_mobs": "animation.cmm.damage_nearby_mobs.v1.0",
        "swimming": "animation.cmm.swimming.v1.0",
        "crossbow_hold": "animation.cmm.pillager.crossbow.hold.v1.0",
        "crossbow_charge": "animation.cmm.pillager.crossbow.charge.v1.0"
      },
      "animation_controllers": [
        { "cmm_base_pose": "controller.animation.cmm.base_pose" },
        { "look_at_target": "controller.animation.cmm.look_at_target" },
        { "move": "controller.animation.cmm.move" },
        { "riding": "controller.animation.cmm.riding" },
        { "brandish_spear": "controller.animation.cmm.brandish_spear" },
        { "charging": "controller.animation.cmm.charging" },
        { "attack": "controller.animation.cmm.attack" },
        { "bob": "controller.animation.cmm.bob" },
        { "damage_nearby_mobs": "controller.animation.cmm.damage_nearby_mobs" },
        { "swimming": "controller.animation.cmm.swimming" },
        { "pillager_attack": "controller.animation.cmm.pillager.attack" }
      ],
      "render_controllers": [ "controller.render.cmm.pillager" ],
      "enable_attachables": true
    }
  }
}
