{
  "format_version": "1.8.0",
  "minecraft:client_entity": {
    "description": {
      "identifier": "minecraft:silverfish",
      "min_engine_version": "1.8.0",
      "materials": {
        "default": "cmm.silverfish"
      },
      "textures": {
        "default": "textures/cmm/silverfish"
      },
      "geometry": {
        "default": "geometry.cmm.silverfish.v1.8"
      },
      "scripts": {
        "pre_animation": [
          "variable.tcos0 = (Math.cos(query.modified_distance_moved * 38.17) * query.modified_move_speed / variable.gliding_speed_value) * 57.3;"
        ]
      },
      "animations": {
        "look_at_target_default": "animation.cmm.look_at_target.default",
        "look_at_target_gliding": "animation.cmm.look_at_target.gliding",
        "look_at_target_swimming": "animation.cmm.look_at_target.swimming",
        "move": "animation.cmm.move",
        "move.legs": "animation.cmm.move.legs",
        "jump.arms": "animation.cmm.jump.arms",
        "riding": "animation.cmm.silverfish.riding",
        "brandish_spear": "animation.cmm.brandish_spear",
        "charging": "animation.cmm.charging",
        "attack.rotations": "animation.cmm.attack.rotations",
        "bob": "animation.cmm.bob",
        "damage_nearby_mobs": "animation.cmm.damage_nearby_mobs",
        "swimming": "animation.cmm.swimming",
        "use_item_progress": "animation.cmm.use_item_progress"
      },
      "animation_controllers": [
        { "look_at_target": "controller.animation.cmm.look_at_target" },
        { "move": "controller.animation.cmm.move.jump" },
        { "riding": "controller.animation.cmm.riding.v2" },
        { "brandish_spear": "controller.animation.cmm.brandish_spear" },
        { "charging": "controller.animation.cmm.charging" },
        { "attack": "controller.animation.cmm.attack" },
        { "bob": "controller.animation.cmm.bob" },
        { "damage_nearby_mobs": "controller.animation.cmm.damage_nearby_mobs" },
        { "swimming": "controller.animation.cmm.swimming" },
        { "use_item_progress": "controller.animation.cmm.use_item_progress" }
      ],
      "render_controllers": [ "controller.render.cmm.silverfish" ],
      "enable_attachables": true,
      "spawn_egg": {
        "texture": "spawn_egg",
        "texture_index": 8
      }
    }
  }
}