{
  "format_version": "1.8.0",
  "minecraft:client_entity": {
    "description": {
      "identifier": "minecraft:strider",
      "materials": { "default": "cmm.strider" },
      "textures": {
        "default": "textures/cmm/strider/strider",
        "baby": "textures/cmm/strider/strider_baby",
        "suffocated": "textures/cmm/strider/strider_suffocated",
        "suffocated_baby": "textures/cmm/strider/strider_suffocated_baby"
      },
      "geometry": {
        "default": "geometry.cmm.strider",
        "baby": "geometry.cmm.strider.baby"
      },
      "spawn_egg": {
        "base_color": "#9c3436",
        "overlay_color": "#4d494d"
      },
      "scripts": {
        "pre_animation": [
          "variable.tcos0 = (Math.cos(query.modified_distance_moved * 38.17) * query.modified_move_speed / variable.gliding_speed_value) * 57.3;",
          "variable.animation_speed = Math.min(query.modified_move_speed, 0.25);",
          "variable.speed = 85.9437;",
          "variable.bristle_flow=Math.cos(query.modified_distance_moved * variable.speed + 180) * variable.animation_speed;",
          "variable.bristle_range_mod=1;",
          "variable.bristle_speed_mod=1;"
        ]
      },
      "animations": {
        "cmm_base_pose": "animation.cmm.base_pose.v1.0",
        "baby_base_pose": "animation.cmm.baby_base_pose.v1.0",
        "look_at_target_default": "animation.cmm.look_at_target.default.v1.0",
        "look_at_target_gliding": "animation.cmm.look_at_target.gliding.v1.0",
        "look_at_target_swimming": "animation.cmm.look_at_target.swimming.v1.0",
        "move": "animation.cmm.move.v1.0",
        "move.legs": "animation.cmm.move.legs.v1.0",
        "jump.arms": "animation.cmm.jump.arms.v1.0",
        "strider_move": "animation.cmm.strider.move",
        "riding.arms": "animation.cmm.riding.arms.v1.0",
        "riding.legs": "animation.cmm.riding.legs.v1.0",
        "brandish_spear": "animation.cmm.brandish_spear.v1.0",
        "charging": "animation.cmm.charging.v1.0",
        "attack.rotations": "animation.cmm.attack.rotations.v1.0",
        "bob": "animation.cmm.bob.v1.0",
        "damage_nearby_mobs": "animation.cmm.damage_nearby_mobs.v1.0",
        "swimming": "animation.cmm.swimming.v1.0",
        "use_item_progress": "animation.cmm.use_item_progress.v1.0",
        "bristle_flow": "animation.cmm.strider.bristle_flow"
      },
      "animation_controllers": [
        { "cmm_base_pose": "controller.animation.cmm.baby_base_pose" },
        { "look_at_target": "controller.animation.cmm.look_at_target" },
        { "move": "controller.animation.cmm.move.jump" },
        { "strider_move": "controller.animation.cmm.strider.move" },
        { "riding": "controller.animation.cmm.riding" },
        { "brandish_spear": "controller.animation.cmm.brandish_spear" },
        { "charging": "controller.animation.cmm.charging" },
        { "attack": "controller.animation.cmm.attack" },
        { "bob": "controller.animation.cmm.bob" },
        { "damage_nearby_mobs": "controller.animation.cmm.damage_nearby_mobs" },
        { "swimming": "controller.animation.cmm.swimming" },
        { "use_item_progress": "controller.animation.cmm.use_item_progress" },
        { "bristle_flow": "controller.animation.cmm.strider.bristle_flow" }
      ],
      "render_controllers": [ "controller.render.cmm.strider" ],
      "enable_attachables": true
    }
  }
}