{
  "format_version": "1.8.0",
  "minecraft:client_entity": {
    "description": {
      "identifier": "minecraft:turtle",
      "materials": { "default": "cmm.turtle" },
      "textures": {
        "default": "textures/cmm/sea_turtle",
        "baby": "textures/cmm/sea_turtle_baby"
      },
      "geometry": {
        "default": "geometry.cmm.turtle",
        "baby": "geometry.cmm.turtle.baby"
      },
      "scripts": {
        "pre_animation": [
          "variable.tcos0 = (Math.cos(query.modified_distance_moved * 38.17) * query.modified_move_speed / variable.gliding_speed_value) * 57.3;",
          "variable.timeMultiplier = query.has_rider ? 0.39972 : 1.0;",
          "variable.backLegMultiplier = query.has_rider ? 0.5 : 3.0;",
          "variable.frontLegMultiplier = query.has_rider ? 2.0 : 8.0;",
          "variable.legSpeedMultiplier = query.has_rider ? 2.0 : 5.0;"
        ],
        "scale": "1.0"
      },
      "animations": {
        "cmm_base_pose": "animation.cmm.base_pose.v1.0",
        "baby_base_pose": "animation.cmm.baby_base_pose.v1.0",
        "look_at_target_default": "animation.cmm.look_at_target.default.v1.0",
        "look_at_target_gliding": "animation.cmm.look_at_target.gliding.v1.0",
        "look_at_target_swimming": "animation.cmm.look_at_target.swimming.v1.0",
        "move": "animation.cmm.move.v1.0",
        "riding.arms": "animation.cmm.riding.arms.v1.0",
        "riding.legs": "animation.cmm.riding.legs.v1.0",
        "brandish_spear": "animation.cmm.brandish_spear.v1.0",
        "charging": "animation.cmm.charging.v1.0",
        "attack.rotations": "animation.cmm.attack.rotations.v1.0",
        "bob": "animation.cmm.bob.v1.0",
        "damage_nearby_mobs": "animation.cmm.damage_nearby_mobs.v1.0",
        "swimming": "animation.cmm.turtle.swimming.v1.0",
        "baby_swimming": "animation.cmm.turtle.baby.swimming.v1.0",
        "use_item_progress": "animation.cmm.use_item_progress.v1.0"
      },
      "animation_controllers": [
        { "cmm_base_pose": "controller.animation.cmm.baby_base_pose" },
        { "look_at_target": "controller.animation.cmm.look_at_target" },
        { "move": "controller.animation.cmm.move" },
        { "riding": "controller.animation.cmm.riding" },
        { "brandish_spear": "controller.animation.cmm.brandish_spear" },
        { "charging": "controller.animation.cmm.charging" },
        { "attack": "controller.animation.cmm.attack" },
        { "bob": "controller.animation.cmm.bob" },
        { "damage_nearby_mobs": "controller.animation.cmm.damage_nearby_mobs" },
        { "swimming": "controller.animation.cmm.turtle.swimming" },
        { "use_item_progress": "controller.animation.cmm.use_item_progress" }
      ],
      "render_controllers": [ "controller.render.cmm.turtle" ],
      "enable_attachables": true,
      "spawn_egg": {
        "texture": "spawn_egg",
        "texture_index": 50
      }
    }
  }
}