{
  "format_version": "1.8.0",
  "minecraft:client_entity": {
    "description": {
      "identifier": "minecraft:villager_v2",
      "materials": {
        "default": "cmm.villager_v2",
        "masked": "cmm.villager_v2_masked"
      },
      "textures": {
        "base": "textures/cmm/villager2/villager",
        "base2": "textures/cmm/villager2/villager2",
        "base3": "textures/cmm/villager2/villager3",
        "base4": "textures/cmm/villager2/villager4",
        "base5": "textures/cmm/villager2/villager5",
        "base6": "textures/cmm/villager2/villager6",
        "base7": "textures/cmm/villager2/villager7",
        "base8": "textures/cmm/villager2/villager8",
        "desert_base": "textures/cmm/villager2/desert_villager",
        "desert_base2": "textures/cmm/villager2/desert_villager2",
        "desert_base3": "textures/cmm/villager2/desert_villager3",
        "desert_base4": "textures/cmm/villager2/desert_villager4",
        "desert_base5": "textures/cmm/villager2/desert_villager5",
        "desert_base6": "textures/cmm/villager2/desert_villager6",
        "desert_base7": "textures/cmm/villager2/desert_villager7",
        "desert_base8": "textures/cmm/villager2/desert_villager8",
        "jungle_base": "textures/cmm/villager2/jungle_villager",
        "jungle_base2": "textures/cmm/villager2/jungle_villager2",
        "jungle_base3": "textures/cmm/villager2/jungle_villager3",
        "jungle_base4": "textures/cmm/villager2/jungle_villager4",
        "jungle_base5": "textures/cmm/villager2/jungle_villager5",
        "jungle_base6": "textures/cmm/villager2/jungle_villager6",
        "jungle_base7": "textures/cmm/villager2/jungle_villager7",
        "jungle_base8": "textures/cmm/villager2/jungle_villager8",
        "savanna_base": "textures/cmm/villager2/savanna_villager",
        "savanna_base2": "textures/cmm/villager2/savanna_villager2",
        "savanna_base3": "textures/cmm/villager2/savanna_villager3",
        "savanna_base4": "textures/cmm/villager2/savanna_villager4",
        "savanna_base5": "textures/cmm/villager2/savanna_villager5",
        "savanna_base6": "textures/cmm/villager2/savanna_villager6",
        "savanna_base7": "textures/cmm/villager2/savanna_villager7",
        "savanna_base8": "textures/cmm/villager2/savanna_villager8",
        "snow_base": "textures/cmm/villager2/snow_villager",
        "snow_base2": "textures/cmm/villager2/snow_villager2",
        "snow_base3": "textures/cmm/villager2/snow_villager3",
        "snow_base4": "textures/cmm/villager2/snow_villager4",
        "snow_base5": "textures/cmm/villager2/snow_villager5",
        "snow_base6": "textures/cmm/villager2/snow_villager6",
        "snow_base7": "textures/cmm/villager2/snow_villager7",
        "snow_base8": "textures/cmm/villager2/snow_villager8",
        "swamp_base": "textures/cmm/villager2/swamp_villager",
        "swamp_base2": "textures/cmm/villager2/swamp_villager2",
        "swamp_base3": "textures/cmm/villager2/swamp_villager3",
        "swamp_base4": "textures/cmm/villager2/swamp_villager4",
        "swamp_base5": "textures/cmm/villager2/swamp_villager5",
        "swamp_base6": "textures/cmm/villager2/swamp_villager6",
        "swamp_base7": "textures/cmm/villager2/swamp_villager7",
        "swamp_base8": "textures/cmm/villager2/swamp_villager8",
        "taiga_base": "textures/cmm/villager2/taiga_villager",
        "taiga_base2": "textures/cmm/villager2/taiga_villager2",
        "taiga_base3": "textures/cmm/villager2/taiga_villager3",
        "taiga_base4": "textures/cmm/villager2/taiga_villager4",
        "taiga_base5": "textures/cmm/villager2/taiga_villager5",
        "taiga_base6": "textures/cmm/villager2/taiga_villager6",
        "taiga_base7": "textures/cmm/villager2/taiga_villager7",
        "taiga_base8": "textures/cmm/villager2/taiga_villager8",
        "base_baby": "textures/cmm/villager2/villager_baby",
        "base2_baby": "textures/cmm/villager2/villager2_baby",
        "base3_baby": "textures/cmm/villager2/villager3_baby",
        "base4_baby": "textures/cmm/villager2/villager4_baby",
        "base5_baby": "textures/cmm/villager2/villager5_baby",
        "base6_baby": "textures/cmm/villager2/villager6_baby",
        "base7_baby": "textures/cmm/villager2/villager7_baby",
        "base8_baby": "textures/cmm/villager2/villager8_baby",
        "desert_base_baby": "textures/cmm/villager2/desert_villager_baby",
        "desert_base2_baby": "textures/cmm/villager2/desert_villager2_baby",
        "desert_base3_baby": "textures/cmm/villager2/desert_villager3_baby",
        "desert_base4_baby": "textures/cmm/villager2/desert_villager4_baby",
        "desert_base5_baby": "textures/cmm/villager2/desert_villager5_baby",
        "desert_base6_baby": "textures/cmm/villager2/desert_villager6_baby",
        "desert_base7_baby": "textures/cmm/villager2/desert_villager7_baby",
        "desert_base8_baby": "textures/cmm/villager2/desert_villager8_baby",
        "jungle_base_baby": "textures/cmm/villager2/jungle_villager_baby",
        "jungle_base2_baby": "textures/cmm/villager2/jungle_villager2_baby",
        "jungle_base3_baby": "textures/cmm/villager2/jungle_villager3_baby",
        "jungle_base4_baby": "textures/cmm/villager2/jungle_villager4_baby",
        "jungle_base5_baby": "textures/cmm/villager2/jungle_villager5_baby",
        "jungle_base6_baby": "textures/cmm/villager2/jungle_villager6_baby",
        "jungle_base7_baby": "textures/cmm/villager2/jungle_villager7_baby",
        "jungle_base8_baby": "textures/cmm/villager2/jungle_villager8_baby",
        "savanna_base_baby": "textures/cmm/villager2/savanna_villager_baby",
        "savanna_base2_baby": "textures/cmm/villager2/savanna_villager2_baby",
        "savanna_base3_baby": "textures/cmm/villager2/savanna_villager3_baby",
        "savanna_base4_baby": "textures/cmm/villager2/savanna_villager4_baby",
        "savanna_base5_baby": "textures/cmm/villager2/savanna_villager5_baby",
        "savanna_base6_baby": "textures/cmm/villager2/savanna_villager6_baby",
        "savanna_base7_baby": "textures/cmm/villager2/savanna_villager7_baby",
        "savanna_base8_baby": "textures/cmm/villager2/savanna_villager8_baby",
        "snow_base_baby": "textures/cmm/villager2/snow_villager_baby",
        "snow_base2_baby": "textures/cmm/villager2/snow_villager2_baby",
        "snow_base3_baby": "textures/cmm/villager2/snow_villager3_baby",
        "snow_base4_baby": "textures/cmm/villager2/snow_villager4_baby",
        "snow_base5_baby": "textures/cmm/villager2/snow_villager5_baby",
        "snow_base6_baby": "textures/cmm/villager2/snow_villager6_baby",
        "snow_base7_baby": "textures/cmm/villager2/snow_villager7_baby",
        "snow_base8_baby": "textures/cmm/villager2/snow_villager8_baby",
        "swamp_base_baby": "textures/cmm/villager2/swamp_villager_baby",
        "swamp_base2_baby": "textures/cmm/villager2/swamp_villager2_baby",
        "swamp_base3_baby": "textures/cmm/villager2/swamp_villager3_baby",
        "swamp_base4_baby": "textures/cmm/villager2/swamp_villager4_baby",
        "swamp_base5_baby": "textures/cmm/villager2/swamp_villager5_baby",
        "swamp_base6_baby": "textures/cmm/villager2/swamp_villager6_baby",
        "swamp_base7_baby": "textures/cmm/villager2/swamp_villager7_baby",
        "swamp_base8_baby": "textures/cmm/villager2/swamp_villager8_baby",
        "taiga_base_baby": "textures/cmm/villager2/taiga_villager_baby",
        "taiga_base2_baby": "textures/cmm/villager2/taiga_villager2_baby",
        "taiga_base3_baby": "textures/cmm/villager2/taiga_villager3_baby",
        "taiga_base4_baby": "textures/cmm/villager2/taiga_villager4_baby",
        "taiga_base5_baby": "textures/cmm/villager2/taiga_villager5_baby",
        "taiga_base6_baby": "textures/cmm/villager2/taiga_villager6_baby",
        "taiga_base7_baby": "textures/cmm/villager2/taiga_villager7_baby",
        "taiga_base8_baby": "textures/cmm/villager2/taiga_villager8_baby",

        "desert": "textures/cmm/villager2/biomes/biome_desert",
        "jungle": "textures/cmm/villager2/biomes/biome_jungle",
        "plains": "textures/cmm/villager2/biomes/biome_plains",
        "savanna": "textures/cmm/villager2/biomes/biome_savanna",
        "snow": "textures/cmm/villager2/biomes/biome_snow",
        "swamp": "textures/cmm/villager2/biomes/biome_swamp",
        "taiga": "textures/cmm/villager2/biomes/biome_taiga",
        "desert_baby": "textures/cmm/villager2/biomes/biome_desert_baby",
        "jungle_baby": "textures/cmm/villager2/biomes/biome_jungle_baby",
        "plains_baby": "textures/cmm/villager2/biomes/biome_plains_baby",
        "savanna_baby": "textures/cmm/villager2/biomes/biome_savanna_baby",
        "snow_baby": "textures/cmm/villager2/biomes/biome_snow_baby",
        "swamp_baby": "textures/cmm/villager2/biomes/biome_swamp_baby",
        "taiga_baby": "textures/cmm/villager2/biomes/biome_taiga_baby",

        "armorer": "textures/cmm/villager2/professions/armorer",
        "butcher": "textures/cmm/villager2/professions/butcher",
        "cartographer": "textures/cmm/villager2/professions/cartographer",
        "cleric": "textures/cmm/villager2/professions/cleric",
        "farmer": "textures/cmm/villager2/professions/farmer",
        "fisherman": "textures/cmm/villager2/professions/fisherman",
        "fletcher": "textures/cmm/villager2/professions/fletcher",
        "leatherworker": "textures/cmm/villager2/professions/leatherworker",
        "librarian": "textures/cmm/villager2/professions/librarian",
        "shepherd": "textures/cmm/villager2/professions/shepherd",
        "tool_smith": "textures/cmm/villager2/professions/toolsmith",
        "weapon_smith": "textures/cmm/villager2/professions/weaponsmith",
        "stonemason": "textures/cmm/villager2/professions/stonemason",
        "nitwit": "textures/cmm/villager2/professions/nitwit",
        "unskilled": "textures/cmm/villager2/professions/unskilled",

        "level_stone": "textures/cmm/villager2/levels/level_stone",
        "level_iron": "textures/cmm/villager2/levels/level_iron",
        "level_gold": "textures/cmm/villager2/levels/level_gold",
        "level_emerald": "textures/cmm/villager2/levels/level_emerald",
        "level_diamond": "textures/cmm/villager2/levels/level_diamond"
      },
      "geometry": {
        "default": "geometry.cmm.villager_v2",
        "baby": "geometry.cmm.villager_v2.baby"
      },
      "scripts": {
        "scale": "0.9375",
        "pre_animation": [
          "variable.num_professions = 15;",
          "variable.num_tiers = 3;",
          "variable.profession_index = (query.variant < variable.num_professions ? query.variant : 0);",
          "variable.level_index = query.trade_tier;",
          "variable.tcos0 = (Math.cos(query.modified_distance_moved * 38.17) * query.modified_move_speed / variable.gliding_speed_value) * 57.3;"
        ]
      },
      "animations": {
        "cmm_base_pose": "animation.cmm.base_pose.v1.0",
        "baby_base_pose": "animation.cmm.baby_base_pose.v1.0",
        "look_at_target_default": "animation.cmm.look_at_target.default.v1.0",
        "look_at_target_gliding": "animation.cmm.look_at_target.gliding.v1.0",
        "look_at_target_swimming": "animation.cmm.look_at_target.swimming.v1.0",
        "walk": "animation.cmm.walk.v1.0",
        "raise_arms": "animation.cmm.villager.raise_arms.v1.0",
        "riding.arms": "animation.cmm.riding.arms.v1.0",
        "riding.legs": "animation.cmm.riding.legs.v1.0",
        "brandish_spear": "animation.cmm.brandish_spear.v1.0",
        "charging": "animation.cmm.charging.v1.0",
        "attack.rotations": "animation.cmm.attack.rotations.v1.0",
        "bob": "animation.cmm.bob.v1.0",
        "damage_nearby_mobs": "animation.cmm.damage_nearby_mobs.v1.0",
        "swimming": "animation.cmm.swimming.v1.0",
        "use_item_progress": "animation.cmm.use_item_progress.v1.0",
        "sleep": "animation.cmm.villager.sleeping"
      },
      "animation_controllers": [
        { "cmm_base_pose": "controller.animation.cmm.baby_base_pose" },
        { "walk": "controller.animation.cmm.villager_v2.walk" },
        { "raise_arms": "controller.animation.cmm.villager_v2.raise_arms" },
        { "riding": "controller.animation.cmm.riding" },
        { "brandish_spear": "controller.animation.cmm.brandish_spear" },
        { "charging": "controller.animation.cmm.charging" },
        { "attack": "controller.animation.cmm.attack" },
        { "bob": "controller.animation.cmm.bob" },
        { "damage_nearby_mobs": "controller.animation.cmm.damage_nearby_mobs" },
        { "swimming": "controller.animation.cmm.swimming" },
        { "use_item_progress": "controller.animation.cmm.use_item_progress" }
      ],
      "render_controllers": [
        "controller.render.cmm.villager_v2_base",
        "controller.render.cmm.villager_v2_masked",
        "controller.render.cmm.villager_v2_level"
      ],
      "enable_attachables": true,
      "spawn_egg": {
        "texture": "spawn_egg",
        "texture_index": 14
      }
    }
  }
}