{
  "format_version": "1.8.0",
  "minecraft:client_entity": {
    "description": {
      "identifier": "minecraft:wandering_trader",
      "min_engine_version": "1.8.0",
      "materials": {
        "default": "cmm.wandering_trader"
      },
      "textures": {
        "default": "textures/cmm/wandering_trader"
      },
      "geometry": {
        "default": "geometry.cmm.wandering_trader.v1.8"
      },
      "scripts": {
        "pre_animation": [
          "variable.tcos0 = (Math.cos(query.modified_distance_moved * 38.17) * query.modified_move_speed / variable.gliding_speed_value) * 28.65;"
        ],
        "scale": "0.9375"
      },
      "animations": {
        "look_at_target_default": "animation.cmm.look_at_target.default",
        "look_at_target_gliding": "animation.cmm.look_at_target.gliding",
        "look_at_target_swimming": "animation.cmm.look_at_target.swimming",
        "walk": "animation.cmm.walk",
        "raise_arms": "animation.cmm.villager.raise_arms",
        "riding.arms": "animation.cmm.riding.arms",
        "riding.legs": "animation.cmm.riding.legs",
        "brandish_spear": "animation.cmm.brandish_spear",
        "charging": "animation.cmm.charging",
        "attack.rotations": "animation.cmm.attack.rotations",
        "bob": "animation.cmm.bob",
        "damage_nearby_mobs": "animation.cmm.damage_nearby_mobs",
        "swimming": "animation.cmm.swimming",
        "use_item_progress": "animation.cmm.use_item_progress",
        "sleep": "animation.cmm.villager.sleeping",
        "cape": "animation.cmm.wandering_trader.cape"
      },
      "animation_controllers": [
        { "walk": "controller.animation.cmm.villager_v2.walk" },
        { "raise_arms": "controller.animation.cmm.villager_v2.raise_arms" },
        { "riding": "controller.animation.cmm.riding" },
        { "brandish_spear": "controller.animation.cmm.brandish_spear" },
        { "charging": "controller.animation.cmm.charging" },
        { "attack": "controller.animation.cmm.attack" },
        { "bob": "controller.animation.cmm.bob" },
        { "damage_nearby_mobs": "controller.animation.cmm.damage_nearby_mobs" },
        { "swimming": "controller.animation.cmm.swimming" },
        { "use_item_progress": "controller.animation.cmm.use_item_progress" },
        { "cape": "controller.animation.cmm.wandering_trader.cape" }
      ],
      "render_controllers": [ "controller.render.cmm.wandering_trader" ],
      "enable_attachables": true,
      "spawn_egg": {
        "texture": "spawn_egg_wandering_trader"
      }
    }
  }
}