{
  "format_version": "1.8.0",
  "minecraft:client_entity": {
    "description": {
      "identifier": "minecraft:wither",
      "materials": {
        "default": "cmm.wither_boss",
        "armor": "cmm.wither_boss_armor"
      },
      "textures": {
        "default": "textures/cmm/wither_boss/wither",
        "armor_white": "textures/entity/wither_boss/wither_armor_white",
        "armor_blue": "textures/cmm/wither_boss/wither_armor_blue",
        "invulnerable": "textures/cmm/wither_boss/wither_invulnerable"
      },
      "geometry": {
        "default": "geometry.cmm.witherBoss",
        "armor": "geometry.cmm.witherBoss.armor"
      },
      "scripts": {
        "pre_animation": [
          "variable.tcos0 = (Math.cos(query.modified_distance_moved * 38.17) * query.modified_move_speed / variable.gliding_speed_value) * 28.65;",
          "variable.base_scale = 2;",
          "variable.swell_clamped = Math.clamp(query.swell_amount, 0.0, 1.0);",
          "variable.wobble = 1.0 + Math.sin(query.swell_amount * 5730) * query.swell_amount * 0.01;",
          "variable.swell_adjustment = Math.pow(variable.swell_clamped, 4);",
          "variable.scale_xz = (1.0 + variable.swell_adjustment * 0.4) * variable.wobble;",
          "variable.scale_y = (1.0 + variable.swell_adjustment * 0.1) / variable.wobble;",
          "variable.body_base_rotation = Math.cos(query.life_time * 114.6);",
          "variable.upper_body_rotation = (0.065 + 0.05 * variable.body_base_rotation) * 180 + query.target_x_rotation;",
          "variable.is_invulnerable = query.invulnerable_ticks > 0.0;",
          "variable.display_normal_skin = (query.invulnerable_ticks <= 0) || ((query.invulnerable_ticks <= 80) && (Math.mod(query.invulnerable_ticks / 5, 2) == 1));"
        ],
        "scalex": "variable.scale_xz * variable.base_scale",
        "scaley": "variable.scale_y * variable.base_scale",
        "scalez": "variable.scale_xz * variable.base_scale"
      },
      "animations": {
        "cmm_base_pose": "animation.cmm.base_pose.v1.0",
        "look_at_target": "animation.cmm.wither_boss.look_at_target.v1.0",
        "move": "animation.cmm.wither_boss.move.v1.0",
        "riding.arms": "animation.cmm.riding.arms.v1.0",
        "riding.legs": "animation.cmm.riding.legs.v1.0",
        "brandish_spear": "animation.cmm.brandish_spear.v1.0",
        "charging": "animation.cmm.charging.v1.0",
        "attack.rotations": "animation.cmm.attack.rotations.v1.0",
        "bob": "animation.cmm.bob.v1.0",
        "damage_nearby_mobs": "animation.cmm.damage_nearby_mobs.v1.0",
        "swimming": "animation.cmm.swimming.v1.0",
        "use_item_progress": "animation.cmm.use_item_progress.v1.0"
      },
      "animation_controllers": [
        { "cmm_base_pose": "controller.animation.cmm.base_pose" },
        { "move": "controller.animation.cmm.wither_boss.move" },
        { "riding": "controller.animation.cmm.riding" },
        { "brandish_spear": "controller.animation.cmm.brandish_spear" },
        { "charging": "controller.animation.cmm.charging" },
        { "attack": "controller.animation.cmm.attack" },
        { "bob": "controller.animation.cmm.bob" },
        { "damage_nearby_mobs": "controller.animation.cmm.damage_nearby_mobs" },
        { "swimming": "controller.animation.cmm.swimming" },
        { "use_item_progress": "controller.animation.cmm.use_item_progress" }
      ],
      "render_controllers": [ "controller.render.cmm.wither_boss", "controller.render.cmm.wither_boss_armor_white", "controller.render.cmm.wither_boss_armor_blue" ],
      "enable_attachables": true
    }
  }
}