{
  "format_version": "1.8.0",
  "minecraft:client_entity": {
    "description": {
      "identifier": "minecraft:wither_skeleton",
      "min_engine_version": "1.8.0",
      "materials": { "default": "cmm.skeleton" },
      "textures": {
        "default": "textures/cmm/skeleton/wither_skeleton"
      },
      "geometry": {
        "default": "geometry.cmm.skeleton.wither.v1.8"
      },
      "scripts": {
        "pre_animation": [
          "variable.tcos0 = (Math.cos(query.modified_distance_moved * 38.17) * query.modified_move_speed / variable.gliding_speed_value) * 57.3;"
        ]
      },
      "animations": {
        "look_at_target_default": "animation.cmm.look_at_target.default",
        "look_at_target_gliding": "animation.cmm.look_at_target.gliding",
        "look_at_target_swimming": "animation.cmm.look_at_target.swimming",
        "move": "animation.cmm.move",
        "riding.arms": "animation.cmm.riding.arms",
        "riding.legs": "animation.cmm.riding.legs",
        "brandish_spear": "animation.cmm.brandish_spear",
        "charging": "animation.cmm.charging",
        "attack.rotations": "animation.cmm.attack.rotations",
        "bob": "animation.cmm.bob",
        "damage_nearby_mobs": "animation.cmm.damage_nearby_mobs",
        "bow_and_arrow": "animation.cmm.bow_and_arrow",
        "swimming": "animation.cmm.swimming",
        "use_item_progress": "animation.cmm.use_item_progress",
        "wither_skeleton_attack": "animation.cmm.wither_skeleton.attack"
      },
      "animation_controllers": [
        { "look_at_target": "controller.animation.cmm.look_at_target" },
        { "move": "controller.animation.cmm.move" },
        { "riding": "controller.animation.cmm.riding" },
        { "brandish_spear": "controller.animation.cmm.brandish_spear" },
        { "charging": "controller.animation.cmm.charging" },
        { "attack": "controller.animation.cmm.attack" },
        { "bob": "controller.animation.cmm.bob" },
        { "damage_nearby_mobs": "controller.animation.cmm.damage_nearby_mobs" },
        { "bow_and_arrow": "controller.animation.cmm.bow_and_arrow" },
        { "swimming": "controller.animation.cmm.swimming" },
        { "use_item_progress": "controller.animation.cmm.use_item_progress" },
        { "wither_skeleton_attack": "controller.animation.cmm.wither_skeleton.attack" }
      ],
      "render_controllers": [ "controller.render.cmm.wither_skeleton" ],
      "spawn_egg": {
        "texture": "spawn_egg",
        "texture_index": 29
      }
    }
  }
}