{
  "format_version": "1.8.0",
  "minecraft:client_entity": {
    "description": {
      "identifier": "minecraft:zombie_villager_v2",
      "materials": {
        "default": "cmm.zombie_villager_v2",
        "masked": "cmm.zombie_villager_v2_masked"
      },
      "textures": {
        "base": "textures/cmm/zombie_villager2/zombie-villager",
        "base2": "textures/cmm/zombie_villager2/zombie-villager2",
        "base3": "textures/cmm/zombie_villager2/zombie-villager3",
        "base4": "textures/cmm/zombie_villager2/zombie-villager4",
        "base5": "textures/cmm/zombie_villager2/zombie-villager5",
        "base6": "textures/cmm/zombie_villager2/zombie-villager6",
        "base7": "textures/cmm/zombie_villager2/zombie-villager7",
        "base8": "textures/cmm/zombie_villager2/zombie-villager8",
        "desert_base": "textures/cmm/zombie_villager2/desert-zombie-villager",
        "desert_base2": "textures/cmm/zombie_villager2/desert-zombie-villager2",
        "desert_base3": "textures/cmm/zombie_villager2/desert-zombie-villager3",
        "desert_base4": "textures/cmm/zombie_villager2/desert-zombie-villager4",
        "desert_base5": "textures/cmm/zombie_villager2/desert-zombie-villager5",
        "desert_base6": "textures/cmm/zombie_villager2/desert-zombie-villager6",
        "desert_base7": "textures/cmm/zombie_villager2/desert-zombie-villager7",
        "desert_base8": "textures/cmm/zombie_villager2/desert-zombie-villager8",
        "jungle_base": "textures/cmm/zombie_villager2/jungle-zombie-villager",
        "jungle_base2": "textures/cmm/zombie_villager2/jungle-zombie-villager2",
        "jungle_base3": "textures/cmm/zombie_villager2/jungle-zombie-villager3",
        "jungle_base4": "textures/cmm/zombie_villager2/jungle-zombie-villager4",
        "jungle_base5": "textures/cmm/zombie_villager2/jungle-zombie-villager5",
        "jungle_base6": "textures/cmm/zombie_villager2/jungle-zombie-villager6",
        "jungle_base7": "textures/cmm/zombie_villager2/jungle-zombie-villager7",
        "jungle_base8": "textures/cmm/zombie_villager2/jungle-zombie-villager8",
        "savanna_base": "textures/cmm/zombie_villager2/savanna-zombie-villager",
        "savanna_base2": "textures/cmm/zombie_villager2/savanna-zombie-villager2",
        "savanna_base3": "textures/cmm/zombie_villager2/savanna-zombie-villager3",
        "savanna_base4": "textures/cmm/zombie_villager2/savanna-zombie-villager4",
        "savanna_base5": "textures/cmm/zombie_villager2/savanna-zombie-villager5",
        "savanna_base6": "textures/cmm/zombie_villager2/savanna-zombie-villager6",
        "savanna_base7": "textures/cmm/zombie_villager2/savanna-zombie-villager7",
        "savanna_base8": "textures/cmm/zombie_villager2/savanna-zombie-villager8",
        "snow_base": "textures/cmm/zombie_villager2/snow-zombie-villager",
        "snow_base2": "textures/cmm/zombie_villager2/snow-zombie-villager2",
        "snow_base3": "textures/cmm/zombie_villager2/snow-zombie-villager3",
        "snow_base4": "textures/cmm/zombie_villager2/snow-zombie-villager4",
        "snow_base5": "textures/cmm/zombie_villager2/snow-zombie-villager5",
        "snow_base6": "textures/cmm/zombie_villager2/snow-zombie-villager6",
        "snow_base7": "textures/cmm/zombie_villager2/snow-zombie-villager7",
        "snow_base8": "textures/cmm/zombie_villager2/snow-zombie-villager8",
        "swamp_base": "textures/cmm/zombie_villager2/swamp-zombie-villager",
        "swamp_base2": "textures/cmm/zombie_villager2/swamp-zombie-villager2",
        "swamp_base3": "textures/cmm/zombie_villager2/swamp-zombie-villager3",
        "swamp_base4": "textures/cmm/zombie_villager2/swamp-zombie-villager4",
        "swamp_base5": "textures/cmm/zombie_villager2/swamp-zombie-villager5",
        "swamp_base6": "textures/cmm/zombie_villager2/swamp-zombie-villager6",
        "swamp_base7": "textures/cmm/zombie_villager2/swamp-zombie-villager7",
        "swamp_base8": "textures/cmm/zombie_villager2/swamp-zombie-villager8",
        "taiga_base": "textures/cmm/zombie_villager2/taiga-zombie-villager",
        "taiga_base2": "textures/cmm/zombie_villager2/taiga-zombie-villager2",
        "taiga_base3": "textures/cmm/zombie_villager2/taiga-zombie-villager3",
        "taiga_base4": "textures/cmm/zombie_villager2/taiga-zombie-villager4",
        "taiga_base5": "textures/cmm/zombie_villager2/taiga-zombie-villager5",
        "taiga_base6": "textures/cmm/zombie_villager2/taiga-zombie-villager6",
        "taiga_base7": "textures/cmm/zombie_villager2/taiga-zombie-villager7",
        "taiga_base8": "textures/cmm/zombie_villager2/taiga-zombie-villager8",
        "base_baby": "textures/cmm/zombie_villager2/zombie-villager-baby",
        "base_baby2": "textures/cmm/zombie_villager2/zombie-villager2-baby",
        "base_baby3": "textures/cmm/zombie_villager2/zombie-villager3-baby",
        "base_baby4": "textures/cmm/zombie_villager2/zombie-villager4-baby",
        "base_baby5": "textures/cmm/zombie_villager2/zombie-villager5-baby",
        "base_baby6": "textures/cmm/zombie_villager2/zombie-villager6-baby",
        "base_baby7": "textures/cmm/zombie_villager2/zombie-villager7-baby",
        "base_baby8": "textures/cmm/zombie_villager2/zombie-villager8-baby",
        "desert_base_baby": "textures/cmm/zombie_villager2/desert-zombie-villager-baby",
        "desert_base2_baby": "textures/cmm/zombie_villager2/desert-zombie-villager2-baby",
        "desert_base3_baby": "textures/cmm/zombie_villager2/desert-zombie-villager3-baby",
        "desert_base4_baby": "textures/cmm/zombie_villager2/desert-zombie-villager4-baby",
        "desert_base5_baby": "textures/cmm/zombie_villager2/desert-zombie-villager5-baby",
        "desert_base6_baby": "textures/cmm/zombie_villager2/desert-zombie-villager6-baby",
        "desert_base7_baby": "textures/cmm/zombie_villager2/desert-zombie-villager7-baby",
        "desert_base8_baby": "textures/cmm/zombie_villager2/desert-zombie-villager8-baby",
        "jungle_base_baby": "textures/cmm/zombie_villager2/jungle-zombie-villager-baby",
        "jungle_base2_baby": "textures/cmm/zombie_villager2/jungle-zombie-villager2-baby",
        "jungle_base3_baby": "textures/cmm/zombie_villager2/jungle-zombie-villager3-baby",
        "jungle_base4_baby": "textures/cmm/zombie_villager2/jungle-zombie-villager4-baby",
        "jungle_base5_baby": "textures/cmm/zombie_villager2/jungle-zombie-villager5-baby",
        "jungle_base6_baby": "textures/cmm/zombie_villager2/jungle-zombie-villager6-baby",
        "jungle_base7_baby": "textures/cmm/zombie_villager2/jungle-zombie-villager7-baby",
        "jungle_base8_baby": "textures/cmm/zombie_villager2/jungle-zombie-villager8-baby",
        "savanna_base_baby": "textures/cmm/zombie_villager2/savanna-zombie-villager-baby",
        "savanna_base2_baby": "textures/cmm/zombie_villager2/savanna-zombie-villager2-baby",
        "savanna_base3_baby": "textures/cmm/zombie_villager2/savanna-zombie-villager3-baby",
        "savanna_base4_baby": "textures/cmm/zombie_villager2/savanna-zombie-villager4-baby",
        "savanna_base5_baby": "textures/cmm/zombie_villager2/savanna-zombie-villager5-baby",
        "savanna_base6_baby": "textures/cmm/zombie_villager2/savanna-zombie-villager6-baby",
        "savanna_base7_baby": "textures/cmm/zombie_villager2/savanna-zombie-villager7-baby",
        "savanna_base8_baby": "textures/cmm/zombie_villager2/savanna-zombie-villager8-baby",
        "snow_base_baby": "textures/cmm/zombie_villager2/snow-zombie-villager-baby",
        "snow_base2_baby": "textures/cmm/zombie_villager2/snow-zombie-villager2-baby",
        "snow_base3_baby": "textures/cmm/zombie_villager2/snow-zombie-villager3-baby",
        "snow_base4_baby": "textures/cmm/zombie_villager2/snow-zombie-villager4-baby",
        "snow_base5_baby": "textures/cmm/zombie_villager2/snow-zombie-villager5-baby",
        "snow_base6_baby": "textures/cmm/zombie_villager2/snow-zombie-villager6-baby",
        "snow_base7_baby": "textures/cmm/zombie_villager2/snow-zombie-villager7-baby",
        "snow_base8_baby": "textures/cmm/zombie_villager2/snow-zombie-villager8-baby",
        "swamp_base_baby": "textures/cmm/zombie_villager2/swamp-zombie-villager-baby",
        "swamp_base2_baby": "textures/cmm/zombie_villager2/swamp-zombie-villager2-baby",
        "swamp_base3_baby": "textures/cmm/zombie_villager2/swamp-zombie-villager3-baby",
        "swamp_base4_baby": "textures/cmm/zombie_villager2/swamp-zombie-villager4-baby",
        "swamp_base5_baby": "textures/cmm/zombie_villager2/swamp-zombie-villager5-baby",
        "swamp_base6_baby": "textures/cmm/zombie_villager2/swamp-zombie-villager6-baby",
        "swamp_base7_baby": "textures/cmm/zombie_villager2/swamp-zombie-villager7-baby",
        "swamp_base8_baby": "textures/cmm/zombie_villager2/swamp-zombie-villager8-baby",
        "taiga_base_baby": "textures/cmm/zombie_villager2/taiga-zombie-villager-baby",
        "taiga_base2_baby": "textures/cmm/zombie_villager2/taiga-zombie-villager2-baby",
        "taiga_base3_baby": "textures/cmm/zombie_villager2/taiga-zombie-villager3-baby",
        "taiga_base4_baby": "textures/cmm/zombie_villager2/taiga-zombie-villager4-baby",
        "taiga_base5_baby": "textures/cmm/zombie_villager2/taiga-zombie-villager5-baby",
        "taiga_base6_baby": "textures/cmm/zombie_villager2/taiga-zombie-villager6-baby",
        "taiga_base7_baby": "textures/cmm/zombie_villager2/taiga-zombie-villager7-baby",
        "taiga_base8_baby": "textures/cmm/zombie_villager2/taiga-zombie-villager8-baby",

        "desert": "textures/cmm/zombie_villager2/biomes/biome-desert-zombie",
        "jungle": "textures/cmm/zombie_villager2/biomes/biome-jungle-zombie",
        "plains": "textures/cmm/zombie_villager2/biomes/biome-plains-zombie",
        "savanna": "textures/cmm/zombie_villager2/biomes/biome-savanna-zombie",
        "snow": "textures/cmm/zombie_villager2/biomes/biome-snow-zombie",
        "swamp": "textures/cmm/zombie_villager2/biomes/biome-swamp-zombie",
        "taiga": "textures/cmm/zombie_villager2/biomes/biome-taiga-zombie",
        "desert_baby": "textures/cmm/zombie_villager2/biomes/biome-desert-zombie-baby",
        "jungle_baby": "textures/cmm/zombie_villager2/biomes/biome-jungle-zombie-baby",
        "plains_baby": "textures/cmm/zombie_villager2/biomes/biome-plains-zombie-baby",
        "savanna_baby": "textures/cmm/zombie_villager2/biomes/biome-savanna-zombie-baby",
        "snow_baby": "textures/cmm/zombie_villager2/biomes/biome-snow-zombie-baby",
        "swamp_baby": "textures/cmm/zombie_villager2/biomes/biome-swamp-zombie-baby",
        "taiga_baby": "textures/cmm/zombie_villager2/biomes/biome-taiga-zombie-baby",

        "armorer": "textures/cmm/zombie_villager2/professions/armorer",
        "butcher": "textures/cmm/zombie_villager2/professions/butcher",
        "cartographer": "textures/cmm/zombie_villager2/professions/cartographer",
        "cleric": "textures/cmm/zombie_villager2/professions/cleric",
        "farmer": "textures/cmm/zombie_villager2/professions/farmer",
        "fisherman": "textures/cmm/zombie_villager2/professions/fisherman",
        "fletcher": "textures/cmm/zombie_villager2/professions/fletcher",
        "leatherworker": "textures/cmm/zombie_villager2/professions/leatherworker",
        "librarian": "textures/cmm/zombie_villager2/professions/librarian",
        "shepherd": "textures/cmm/zombie_villager2/professions/shepherd",
        "tool_smith": "textures/cmm/zombie_villager2/professions/toolsmith",
        "weapon_smith": "textures/cmm/zombie_villager2/professions/weaponsmith",
        "stonemason": "textures/cmm/zombie_villager2/professions/stonemason",
        "nitwit": "textures/cmm/zombie_villager2/professions/nitwit",
        "unskilled": "textures/cmm/zombie_villager2/professions/unskilled",

        "level_stone": "textures/cmm/zombie_villager2/levels/level_stone",
        "level_iron": "textures/cmm/zombie_villager2/levels/level_iron",
        "level_gold": "textures/cmm/zombie_villager2/levels/level_gold",
        "level_emerald": "textures/cmm/zombie_villager2/levels/level_emerald",
        "level_diamond": "textures/cmm/zombie_villager2/levels/level_diamond"
      },
      "geometry": {
        "default": "geometry.cmm.zombie.villager_v2",
        "baby": "geometry.cmm.zombie.villager_v2.baby"
      },
      "scripts": {
        "scale": "0.9375",
        "pre_animation": [
          "variable.num_professions = 15;",
          "variable.num_tiers = 3;",
          "variable.profession_index = (query.variant < variable.num_professions ? query.variant : 0);",
          "variable.level_index = query.trade_tier;",
          "variable.tcos0 = (Math.cos(query.modified_distance_moved * 38.17) * query.modified_move_speed / variable.gliding_speed_value) * 57.3;"
        ]
      },
      "animations": {
        "cmm_base_pose": "animation.cmm.base_pose.v1.0",
        "baby_base_pose": "animation.cmm.baby_base_pose.v1.0",
        "look_at_target_default": "animation.cmm.look_at_target.default.v1.0",
        "look_at_target_gliding": "animation.cmm.look_at_target.gliding.v1.0",
        "look_at_target_swimming": "animation.cmm.look_at_target.swimming.v1.0",
        "move": "animation.cmm.move.v1.0",
        "riding.arms": "animation.cmm.riding.arms.v1.0",
        "riding.legs": "animation.cmm.riding.legs.v1.0",
        "brandish_spear": "animation.cmm.brandish_spear.v1.0",
        "charging": "animation.cmm.charging.v1.0",
        "attack.rotations": "animation.cmm.attack.rotations.v1.0",
        "bob": "animation.cmm.bob.v1.0",
        "damage_nearby_mobs": "animation.cmm.damage_nearby_mobs.v1.0",
        "bow_and_arrow": "animation.cmm.bow_and_arrow.v1.0",
        "swimming": "animation.cmm.swimming.v1.0",
        "use_item_progress": "animation.cmm.use_item_progress.v1.0",
        "zombie_attack_bare_hand": "animation.cmm.zombie.attack_bare_hand.v1.0",
        "zombie_swimming": "animation.cmm.zombie.swimming.v1.0"
      },
      "animation_controllers": [
        { "cmm_base_pose": "controller.animation.cmm.baby_base_pose" },
        { "look_at_target": "controller.animation.cmm.look_at_target" },
        { "move": "controller.animation.cmm.move" },
        { "riding": "controller.animation.cmm.riding" },
        { "brandish_spear": "controller.animation.cmm.brandish_spear" },
        { "charging": "controller.animation.cmm.charging" },
        { "attack": "controller.animation.cmm.attack" },
        { "bob": "controller.animation.cmm.bob" },
        { "damage_nearby_mobs": "controller.animation.cmm.damage_nearby_mobs" },
        { "bow_and_arrow": "controller.animation.cmm.bow_and_arrow" },
        { "swimming": "controller.animation.cmm.swimming" },
        { "use_item_progress": "controller.animation.cmm.use_item_progress" },
        { "zombie_attack_bare_hand": "controller.animation.cmm.zombie.attack_bare_hand" },
        { "zombie_swimming": "controller.animation.cmm.zombie.swimming" }
      ],
      "render_controllers": [
        "controller.render.cmm.zombie_villager_v2_base",
        "controller.render.cmm.zombie_villager_v2_masked",
        "controller.render.cmm.zombie_villager_v2_level"
      ],
      "enable_attachables": true,
      "spawn_egg": {
        "texture": "spawn_egg",
        "texture_index": 42
      }
    }
  }
}