{
  "format_version": "1.10.0",
  "animation_controllers": {
    "controller.animation.cmm.hoglin.move": {
      "initial_state": "default",
      "states": {
        "default": {
          "animations": [ "move" ]
        }
      }
    },
    "controller.animation.cmm.hoglin.attack": {
      "initial_state": "default",
      "states": {
        "attack": {
          "animations": [ "attack" ],
          "transitions": [
            {
              "default": "!variable.has_target && variable.attack_time >= 0.0"
            }
          ]
        },
        "default": {
          "transitions": [
            {
              "attack": "variable.has_target && variable.attack_time >= 0.0"
            }
          ]
        }
      }
    }
  }
}