{
  "format_version": "1.10.0",
  "animation_controllers": {
    "controller.animation.cmm.bat.move": {
      "initial_state": "flying",
      "states": {
        "flying": {
          "animations": [ "flying" ],
          "transitions": [
            {
              "resting": "query.is_resting"
            }
          ]
        },
        "resting": {
          "animations": [ "resting" ],
          "transitions": [
            {
              "flying": "!query.is_resting"
            }
          ]
        }
      }
    }
  }
}