{
  "format_version": "1.10.0",
  "animation_controllers": {
    "controller.animation.cmm.bee.drip": {
      "initial_state": "default",
      "states": {
        "default": {
          "transitions": [
            {
              "dripping": "query.is_powered"
            }
          ]
        },
        "dripping": {
          "particle_effects": [
            {
              "effect": "nectar_dripping"
            }
          ],
          "transitions": [
            {
              "default": "!query.is_powered"
            }
          ]
        }
      }
    },
    "controller.animation.bee.sting": {
      "initial_state": "default",
      "states": {
        "default": {
          "animations": [ "bee_sting" ]
        }
      }
    },
    "controller.animation.cmm.bee.flying": {
      "initial_state": "default",
      "states": {
        "default": {
          "animations": [ "flying" ]
        }
      }
    }
  }
}
