{
  "format_version": "1.8.0",
  "animation_controllers": {
    "controller.animation.cmm.shared_mob.blink": {
      "states": {
        "default": {
          "transitions": [
            { "blink": "variable.is_blinking = 0; variable.return_from_blink = query.life_time + math.random(0, variable.max_blink_time); variable.last_blink_time = variable.last_blink_time ? variable.last_blink_time : query.life_time; return query.life_time > (variable.last_blink_time + math.random(variable.min_blink_rest, variable.max_blink_rest));" }
          ]
        },
        "blink": {
          "transitions": [
            { "default": "variable.is_blinking = 1; variable.last_blink_time = query.life_time; return query.all_animations_finished && (query.life_time > variable.return_from_blink);" }
          ]
        }
      }
    }
  }
}