{
  "format_version": "1.10.0",
  "animation_controllers": {
    "controller.animation.cmm.piglin.move": {
      "initial_state": "default",
      "states": {
        "default": {
          "animations": [ "move" ]
        }
      }
    },
    "controller.animation.cmm.piglin.celebrate": {
      "initial_state": "default",
      "states": {
        "default": {
          "transitions": [
            {
              "celebrating": "query.is_celebrating == 1"
            },
            {
              "celebrating_special": "query.is_celebrating_special == 1"
            }
          ]
        },
        "celebrating": {
          "animations": [ "celebrate_hunt" ],
          "transitions": [
            {
              "default": "query.is_celebrating == 0"
            }
          ]
        },
        "celebrating_special": {
          "animations": [ "celebrate_hunt_special" ],
          "transitions": [
            {
              "default": "query.is_celebrating_special == 0"
            }
          ]
        }
      }
    },
    "controller.animation.cmm.piglin.attack": {
      "initial_state": "default",
      "states": {
        "ranged_charge": {
          "animations": [ "crossbow_charge" ],
          "transitions": [
            {
              "default": "variable.attack_state == 0  ||  query.is_admiring"
            },
            {
              "ranged_hold": "variable.attack_state == 1"
            }
          ]
        },
        "default": {
          "transitions": [
            {
              "ranged_hold": "query.variant == 0 && variable.attack_state == 1 && !query.is_admiring"
            },
            {
              "ranged_charge": "query.variant == 0 && variable.attack_state == 2 && !query.is_admiring"
            },
            {
              "hand_attack": "variable.has_target && query.variant == 1 && !query.is_item_equipped && variable.attack_time >= 0.0 && !query.is_admiring"
            },
            {
              "melee_attack": "variable.has_target && query.variant == 1 && query.is_item_equipped && variable.attack_time >= 0.0 && !query.is_admiring"
            }
          ]
        },
        "ranged_hold": {
          "animations": [ "crossbow_hold" ],
          "transitions": [
            {
              "default": "variable.attack_state == 0  ||  query.is_admiring"
            },
            {
              "ranged_charge": "variable.attack_state == 2"
            }
          ]
        },
        "melee_attack": {
          "animations": [ "melee_attack" ],
          "transitions": [
            {
              "default": "!query.is_item_equipped || !variable.has_target || variable.attack_time < 0.0 ||  query.is_admiring"
            }
          ]
        },
        "hand_attack": {
          "animations": [ "hand_attack" ],
          "transitions": [
            {
              "default": "query.is_item_equipped || !variable.has_target || variable.attack_time < 0.0 ||  query.is_admiring"
            }
          ]
        }
      }
    },
    "controller.animation.cmm.piglin.admire": {
      "initial_state": "default",
      "states": {
        "default": {
          "transitions": [
            {
              "admiring": "query.is_admiring"
            }
          ]
        },
        "admiring": {
          "animations": [ "admire" ],
          "transitions": [
            {
              "default": "!query.is_admiring"
            }
          ]
        }
      }
    }
  }
}