{
	"format_version": "1.10.0",
	"geometry.cmm.npc_13.v1.8": {
		"texturewidth": 64,
		"textureheight": 64,
		"visible_bounds_width": 2,
		"visible_bounds_height": 3,
		"visible_bounds_offset": [0, 1.5, 0],
		"bones": [
			{
				"name": "root",
				"pivot": [0, 24, 0]
			},
			{
				"name": "waist",
				"parent": "root",
				"pivot": [0, 12, 0]
			},
			{
				"name": "Body",
				"parent": "waist",
				"pivot": [0, 24, 0],
				"cubes": [
					{"origin": [-3.5, 18, -1.5], "size": [7, 5, 3], "uv": [0, 47]}
				]
			},
			{
				"name": "Head",
				"parent": "Body",
				"pivot": [0, 24, 0],
				"cubes": [
					{"origin": [-3.5, 24, -3], "size": [7, 7, 6], "uv": [0, 0]}
				]
			},
			{
				"name": "Hair",
				"parent": "Head",
				"pivot": [0, 24, 0],
				"cubes": [
					{"origin": [-4, 21, -3.5], "size": [8, 10, 7], "uv": [0, 13]}
				]
			},
			{
				"name": "HTop",
				"parent": "Hair",
				"pivot": [0, 24, 0],
				"cubes": [
					{"origin": [-3.5, 31, -3], "size": [7, 1, 6], "uv": [0, 30]},
					{"origin": [3.5, 30, 2.5], "size": [2, 3, 0], "uv": [5, 40]}
				]
			},
			{
				"name": "Neck",
				"parent": "Body",
				"pivot": [0, 24, 0],
				"cubes": [
					{"origin": [-1.5, 23, -1.5], "size": [3, 2, 3], "uv": [20, 49]}
				]
			},
			{
				"name": "RightArm",
				"parent": "Body",
				"pivot": [-3.5, 22, 0],
				"cubes": [
					{"origin": [-5.5, 11, -1], "size": [2, 12, 2], "uv": [36, 0]}
				],
				"locators": {
					"lead_hold": [-4.5, 37, 1]
				}
			},
			{
				"name": "rightItem",
				"parent": "RightArm",
				"pivot": [-4.5, 15, 1]
			},
			{
				"name": "held_item",
				"parent": "RightArm",
				"pivot": [-4.5, -4, 1]
			},
			{
				"name": "LeftArm",
				"parent": "Body",
				"pivot": [3.5, 22, 0],
				"cubes": [
					{"origin": [3.5, 11, -1], "size": [2, 12, 2], "uv": [44, 0]}
				]
			},
			{
				"name": "leftItem",
				"parent": "LeftArm",
				"pivot": [4.5, 15, 1]
			},
			{
				"name": "BustTop",
				"parent": "Body",
				"pivot": [0, 22.15, -1.4],
				"rotation": [-45, 0, 0],
				"cubes": [
					{"origin": [-3, 20, -1.5], "size": [6, 2, 2], "uv": [20, 37]}
				]
			},
			{
				"name": "BustFront",
				"parent": "Body",
				"pivot": [0, 24, 0],
				"cubes": [
					{"origin": [-3, 18.7, -3], "size": [6, 2, 2], "uv": [20, 41], "inflate": 0.01}
				]
			},
			{
				"name": "BustBottom",
				"parent": "Body",
				"pivot": [0, 20.8, -2.1],
				"rotation": [-25, 0, 0],
				"cubes": [
					{"origin": [-3, 18.5, -2], "size": [6, 2, 2], "uv": [20, 45]}
				]
			},
			{
				"name": "Body2",
				"parent": "Body",
				"pivot": [0, 24, 0],
				"cubes": [
					{"origin": [-3, 12, -1.5], "size": [6, 6, 3], "uv": [0, 55]}
				]
			},
			{
				"name": "Body3",
				"parent": "Body2",
				"pivot": [0, 24, 0],
				"cubes": [
					{"origin": [-3.5, 15, -1.5], "size": [7, 8, 3], "uv": [44, 39], "inflate": 0.02}
				]
			},
			{
				"name": "Skirt1",
				"parent": "Body2",
				"pivot": [0, 15, 0],
				"cubes": [
					{"origin": [-3.5, 11, -1.5], "size": [7, 3, 3], "uv": [44, 31], "inflate": 0.02}
				]
			},
			{
				"name": "RightLeg",
				"parent": "Body2",
				"pivot": [-2, 12, 0],
				"cubes": [
					{"origin": [-3.5, 0, -1.5], "size": [3, 12, 3], "uv": [52, 0]}
				]
			},
			{
				"name": "LeftLeg",
				"parent": "Body2",
				"pivot": [2, 12, 0],
				"cubes": [
					{"origin": [0.5, 0, -1.5], "size": [3, 12, 3], "uv": [52, 15]}
				]
			}
		]
	}
}