{
	"format_version": "1.10.0",
	"geometry.cmm.npc_11.v1.8": {
		"texturewidth": 64,
		"textureheight": 128,
		"visible_bounds_width": 2,
		"visible_bounds_height": 3,
		"visible_bounds_offset": [0, 1.5, 0],
		"bones": [
			{
				"name": "root",
				"pivot": [0, 24, 0]
			},
			{
				"name": "waist",
				"parent": "root",
				"pivot": [0, 12, 0]
			},
			{
				"name": "Body",
				"parent": "waist",
				"pivot": [0, 24, 0],
				"cubes": [
					{"origin": [-3.5, 18, -1.5], "size": [7, 5, 3], "uv": [0, 47]}
				]
			},
			{
				"name": "Tie",
				"parent": "Body",
				"pivot": [0, 0, 0],
				"cubes": [
					{"origin": [-1, 14.5, -1.6], "size": [2, 5, 0], "uv": [20, 57]}
				]
			},
			{
				"name": "Head",
				"parent": "Body",
				"pivot": [0, 24, 0],
				"cubes": [
					{"origin": [-3.5, 24, -3], "size": [7, 7, 6], "uv": [0, 0]}
				]
			},
			{
				"name": "Headphones",
				"parent": "Head",
				"pivot": [0, 24, 0],
				"cubes": [
					{"origin": [-4.5, 25, -3], "size": [1, 2, 2], "uv": [28, 63]},
					{"origin": [3.5, 25, -3], "size": [1, 2, 2], "uv": [28, 63]},
					{"origin": [-4, 27, -2.5], "size": [8, 5, 1], "uv": [38, 66], "inflate": 0.025}
				]
			},
			{
				"name": "Hair",
				"parent": "Head",
				"pivot": [0, 24, 0],
				"cubes": [
					{"origin": [-4, 23, -3.5], "size": [8, 8, 7], "uv": [0, 13]}
				]
			},
			{
				"name": "HTop",
				"parent": "Hair",
				"pivot": [0, 24, 0],
				"cubes": [
					{"origin": [-3.5, 31, -3], "size": [7, 1, 6], "uv": [0, 30]}
				]
			},
			{
				"name": "HH",
				"parent": "Hair",
				"pivot": [0, 30, 2],
				"rotation": [45, 0, 0],
				"cubes": [
					{"origin": [-4.5, 29, 1], "size": [1, 2, 2], "uv": [35, 56], "inflate": 0.075},
					{"origin": [3.5, 29, 1], "size": [1, 2, 2], "uv": [35, 56], "inflate": 0.075}
				]
			},
			{
				"name": "HLong",
				"parent": "Hair",
				"pivot": [-4, 30, 2],
				"rotation": [0, 0, 2.5],
				"cubes": [
					{"origin": [-6.1, 19.5, 1], "size": [2, 11, 2], "uv": [0, 66]}
				]
			},
			{
				"name": "Hlong2",
				"parent": "HLong",
				"pivot": [-5, 20, 2],
				"rotation": [0, 0, -2.5],
				"cubes": [
					{"origin": [-6.6, 2.4, 0.5], "size": [3, 18, 3], "uv": [9, 65]}
				]
			},
			{
				"name": "HLong3",
				"parent": "Hair",
				"pivot": [4, 30, 2],
				"rotation": [0, 0, -2.5],
				"cubes": [
					{"origin": [4.1, 19.5, 1], "size": [2, 11, 2], "uv": [0, 66]}
				]
			},
			{
				"name": "HLong4",
				"parent": "HLong3",
				"pivot": [5, 20, 2],
				"rotation": [0, 0, 2.5],
				"cubes": [
					{"origin": [3.6, 2.4, 0.5], "size": [3, 18, 3], "uv": [9, 65]}
				]
			},
			{
				"name": "Neck",
				"parent": "Body",
				"pivot": [0, 24, 0],
				"cubes": [
					{"origin": [-1.5, 23, -1.5], "size": [3, 2, 3], "uv": [20, 49]}
				]
			},
			{
				"name": "RightArm",
				"parent": "Body",
				"pivot": [-3.5, 22, 0],
				"cubes": [
					{"origin": [-5.5, 11, -1], "size": [2, 12, 2], "uv": [36, 0]}
				],
				"locators": {
					"lead_hold": [-4.5, 37, 1]
				}
			},
			{
				"name": "rightItem",
				"parent": "RightArm",
				"pivot": [-4.5, 15, 1]
			},
			{
				"name": "held_item",
				"parent": "RightArm",
				"pivot": [-4.5, -4, 1]
			},
			{
				"name": "RA2",
				"parent": "RightArm",
				"pivot": [-3.5, 22, 0],
				"cubes": [
					{"origin": [-6, 13, -1.5], "size": [3, 8, 3], "uv": [40, 40], "inflate": -0.025},
					{"origin": [-6.01, 17.5, -0.5], "size": [0, 3, 1], "uv": [44, 53], "inflate": -0.025}
				]
			},
			{
				"name": "LeftArm",
				"parent": "Body",
				"pivot": [3.5, 22, 0],
				"cubes": [
					{"origin": [3.5, 11, -1], "size": [2, 12, 2], "uv": [44, 0]},
					{"origin": [5.55, 21.5, -0.5], "size": [0, 1, 1], "uv": [32, 1]}
				]
			},
			{
				"name": "leftItem",
				"parent": "LeftArm",
				"pivot": [4.5, 15, 1]
			},
			{
				"name": "LA2",
				"parent": "LeftArm",
				"pivot": [3.5, 22, 0],
				"cubes": [
					{"origin": [3, 13, -1.5], "size": [3, 8, 3], "uv": [52, 40], "inflate": -0.025},
					{"origin": [6.01, 13.5, -1], "size": [0, 1, 2], "uv": [48, 54], "inflate": -0.025}
				]
			},
			{
				"name": "Bust",
				"parent": "Body",
				"pivot": [0, 22.15, -1.4],
				"rotation": [-45, 0, 0],
				"cubes": [
					{"origin": [-3, 20, -1.5], "size": [6, 2, 2], "uv": [20, 37]}
				]
			},
			{
				"name": "Body2",
				"parent": "Body",
				"pivot": [0, 24, 0],
				"cubes": [
					{"origin": [-3, 12, -1.5], "size": [6, 6, 3], "uv": [0, 55]}
				]
			},
			{
				"name": "Skirt1",
				"parent": "Body2",
				"pivot": [0, 15, 0],
				"cubes": [
					{"origin": [-3.5, 10, -2], "size": [7, 5, 4], "uv": [42, 30], "inflate": 0.02}
				]
			},
			{
				"name": "RightLeg",
				"parent": "Body2",
				"pivot": [-2, 12, 0],
				"cubes": [
					{"origin": [-3.5, 0, -1.5], "size": [3, 12, 3], "uv": [52, 0]}
				]
			},
			{
				"name": "LeftLeg",
				"parent": "Body2",
				"pivot": [2, 12, 0],
				"cubes": [
					{"origin": [0.5, 0, -1.5], "size": [3, 12, 3], "uv": [52, 15]}
				]
			}
		]
	}
}